Flow (Veh/5 Minutes),5 Minutes,Speed (mph)
93,3/22/2018 0:00,68.6
98,3/22/2018 0:05,69.0
121,3/22/2018 0:10,63.6
115,3/22/2018 0:15,68.8
48,3/22/2018 0:20,68.5
81,3/22/2018 0:25,67.7
73,3/22/2018 0:30,68.7
71,3/22/2018 0:35,68.7
90,3/22/2018 0:40,67.8
46,3/22/2018 0:45,65.6
53,3/22/2018 0:50,68.4
41,3/22/2018 0:55,68.8
81,3/22/2018 1:00,67.4
68,3/22/2018 1:05,66.8
40,3/22/2018 1:10,64.7
76,3/22/2018 1:15,69.9
54,3/22/2018 1:20,68.9
73,3/22/2018 1:25,69.9
33,3/22/2018 1:30,69.3
70,3/22/2018 1:35,69.5
55,3/22/2018 1:40,68.4
54,3/22/2018 1:45,67.2
65,3/22/2018 1:50,69.5
80,3/22/2018 1:55,68.7
81,3/22/2018 2:00,65.8
44,3/22/2018 2:05,68.2
51,3/22/2018 2:10,68.6
39,3/22/2018 2:15,68.5
62,3/22/2018 2:20,69.9
85,3/22/2018 2:25,68.6
57,3/22/2018 2:30,65.8
86,3/22/2018 2:35,64.8
53,3/22/2018 2:40,67.2
120,3/22/2018 2:45,59.3
45,3/22/2018 2:50,62.9
73,3/22/2018 2:55,66.1
66,3/22/2018 3:00,65.7
66,3/22/2018 3:05,69.0
54,3/22/2018 3:10,67.7
63,3/22/2018 3:15,64.4
94,3/22/2018 3:20,63.2
71,3/22/2018 3:25,66.7
173,3/22/2018 3:30,74.4
71,3/22/2018 3:35,69.5
79,3/22/2018 3:40,68.4
73,3/22/2018 3:45,67.4
77,3/22/2018 3:50,68.8
85,3/22/2018 3:55,69.6
69,3/22/2018 4:00,67.8
98,3/22/2018 4:05,67.8
110,3/22/2018 4:10,66.7
110,3/22/2018 4:15,66.2
166,3/22/2018 4:20,62.5
135,3/22/2018 4:25,66.7
157,3/22/2018 4:30,64.9
167,3/22/2018 4:35,67.3
248,3/22/2018 4:40,66.5
221,3/22/2018 4:45,66.1
202,3/22/2018 4:50,66.3
251,3/22/2018 4:55,66.6
268,3/22/2018 5:00,72.8
353,3/22/2018 5:05,69.4
385,3/22/2018 5:10,68.1
454,3/22/2018 5:15,68.5
471,3/22/2018 5:20,67.1
528,3/22/2018 5:25,69.3
461,3/22/2018 5:30,68.3
550,3/22/2018 5:35,69.1
511,3/22/2018 5:40,67.9
498,3/22/2018 5:45,66.2
495,3/22/2018 5:50,65.2
500,3/22/2018 5:55,66.8
506,3/22/2018 6:00,69.7
499,3/22/2018 6:05,64.9
487,3/22/2018 6:10,67.6
587,3/22/2018 6:15,72.1
577,3/22/2018 6:20,65.2
594,3/22/2018 6:25,61.7
552,3/22/2018 6:30,60.9
473,3/22/2018 6:35,60.1
568,3/22/2018 6:40,59.0
600,3/22/2018 6:45,54.1
555,3/22/2018 6:50,51.3
486,3/22/2018 6:55,48.5
544,3/22/2018 7:00,46.9
513,3/22/2018 7:05,43.4
500,3/22/2018 7:10,41.7
518,3/22/2018 7:15,41.3
521,3/22/2018 7:20,37.6
536,3/22/2018 7:25,36.2
595,3/22/2018 7:30,40.2
505,3/22/2018 7:35,39.9
578,3/22/2018 7:40,38.9
464,3/22/2018 7:45,32.2
474,3/22/2018 7:50,31.6
441,3/22/2018 7:55,28.8
501,3/22/2018 8:00,32.5
528,3/22/2018 8:05,36.5
385,3/22/2018 8:10,29.5
423,3/22/2018 8:15,27.8
445,3/22/2018 8:20,28.4
430,3/22/2018 8:25,26.9
489,3/22/2018 8:30,30.9
463,3/22/2018 8:35,33.5
402,3/22/2018 8:40,29.1
462,3/22/2018 8:45,33.3
438,3/22/2018 8:50,30.6
454,3/22/2018 8:55,33.3
458,3/22/2018 9:00,34.7
423,3/22/2018 9:05,38.3
490,3/22/2018 9:10,41.4
489,3/22/2018 9:15,43.5
507,3/22/2018 9:20,46.6
480,3/22/2018 9:25,48.2
492,3/22/2018 9:30,44.3
445,3/22/2018 9:35,45.7
506,3/22/2018 9:40,51.9
444,3/22/2018 9:45,54.5
441,3/22/2018 9:50,52.8
432,3/22/2018 9:55,54.7
403,3/22/2018 10:00,53.1
402,3/22/2018 10:05,51.9
440,3/22/2018 10:10,52.9
450,3/22/2018 10:15,52.7
458,3/22/2018 10:20,50.8
406,3/22/2018 10:25,49.3
438,3/22/2018 10:30,47.4
424,3/22/2018 10:35,44.7
411,3/22/2018 10:40,40.9
396,3/22/2018 10:45,37.9
409,3/22/2018 10:50,38.6
439,3/22/2018 10:55,44.0
392,3/22/2018 11:00,50.0
471,3/22/2018 11:05,52.8
471,3/22/2018 11:10,52.6
406,3/22/2018 11:15,51.3
405,3/22/2018 11:20,52.8
402,3/22/2018 11:25,57.1
447,3/22/2018 11:30,59.1
436,3/22/2018 11:35,57.5
414,3/22/2018 11:40,56.3
458,3/22/2018 11:45,55.8
409,3/22/2018 11:50,53.7
423,3/22/2018 11:55,54.5
440,3/22/2018 12:00,54.8
475,3/22/2018 12:05,56.6
511,3/22/2018 12:10,56.0
462,3/22/2018 12:15,55.2
443,3/22/2018 12:20,53.9
492,3/22/2018 12:25,51.7
451,3/22/2018 12:30,47.0
463,3/22/2018 12:35,47.4
472,3/22/2018 12:40,44.4
399,3/22/2018 12:45,39.8
445,3/22/2018 12:50,43.1
387,3/22/2018 12:55,47.2
455,3/22/2018 13:00,50.3
444,3/22/2018 13:05,51.3
455,3/22/2018 13:10,47.0
457,3/22/2018 13:15,47.7
466,3/22/2018 13:20,51.7
486,3/22/2018 13:25,51.8
457,3/22/2018 13:30,54.0
440,3/22/2018 13:35,53.0
476,3/22/2018 13:40,55.8
440,3/22/2018 13:45,54.5
518,3/22/2018 13:50,53.9
531,3/22/2018 13:55,59.1
519,3/22/2018 14:00,61.2
501,3/22/2018 14:05,59.5
435,3/22/2018 14:10,59.7
497,3/22/2018 14:15,62.3
506,3/22/2018 14:20,61.6
519,3/22/2018 14:25,60.3
463,3/22/2018 14:30,57.2
470,3/22/2018 14:35,58.3
571,3/22/2018 14:40,61.5
524,3/22/2018 14:45,60.1
521,3/22/2018 14:50,59.9
558,3/22/2018 14:55,61.1
568,3/22/2018 15:00,62.8
480,3/22/2018 15:05,60.2
512,3/22/2018 15:10,62.1
570,3/22/2018 15:15,64.1
553,3/22/2018 15:20,63.3
584,3/22/2018 15:25,63.1
601,3/22/2018 15:30,64.1
513,3/22/2018 15:35,63.3
566,3/22/2018 15:40,65.0
549,3/22/2018 15:45,62.5
590,3/22/2018 15:50,63.4
575,3/22/2018 15:55,66.2
487,3/22/2018 16:00,60.9
547,3/22/2018 16:05,62.1
630,3/22/2018 16:10,62.3
526,3/22/2018 16:15,53.7
501,3/22/2018 16:20,51.6
524,3/22/2018 16:25,54.9
455,3/22/2018 16:30,59.2
423,3/22/2018 16:35,62.3
537,3/22/2018 16:40,62.0
613,3/22/2018 16:45,66.5
596,3/22/2018 16:50,65.9
559,3/22/2018 16:55,64.3
544,3/22/2018 17:00,61.7
562,3/22/2018 17:05,62.8
512,3/22/2018 17:10,51.3
423,3/22/2018 17:15,40.7
315,3/22/2018 17:20,30.7
465,3/22/2018 17:25,32.8
490,3/22/2018 17:30,41.4
475,3/22/2018 17:35,41.9
497,3/22/2018 17:40,47.1
481,3/22/2018 17:45,47.0
486,3/22/2018 17:50,53.9
502,3/22/2018 17:55,59.7
534,3/22/2018 18:00,62.7
561,3/22/2018 18:05,63.6
497,3/22/2018 18:10,65.0
530,3/22/2018 18:15,63.1
552,3/22/2018 18:20,69.1
519,3/22/2018 18:25,69.2
480,3/22/2018 18:30,69.7
475,3/22/2018 18:35,64.6
471,3/22/2018 18:40,64.4
500,3/22/2018 18:45,69.2
418,3/22/2018 18:50,70.2
487,3/22/2018 18:55,71.2
464,3/22/2018 19:00,69.3
455,3/22/2018 19:05,72.4
423,3/22/2018 19:10,69.1
392,3/22/2018 19:15,69.7
392,3/22/2018 19:20,68.3
423,3/22/2018 19:25,66.7
364,3/22/2018 19:30,67.3
366,3/22/2018 19:35,67.5
358,3/22/2018 19:40,67.2
383,3/22/2018 19:45,64.1
364,3/22/2018 19:50,65.3
363,3/22/2018 19:55,66.2
392,3/22/2018 20:00,67.2
338,3/22/2018 20:05,68.0
356,3/22/2018 20:10,67.8
361,3/22/2018 20:15,65.8
387,3/22/2018 20:20,65.7
356,3/22/2018 20:25,64.4
419,3/22/2018 20:30,64.5
365,3/22/2018 20:35,65.8
375,3/22/2018 20:40,66.8
339,3/22/2018 20:45,67.7
325,3/22/2018 20:50,64.1
339,3/22/2018 20:55,60.9
365,3/22/2018 21:00,64.7
356,3/22/2018 21:05,66.2
292,3/22/2018 21:10,64.4
339,3/22/2018 21:15,68.9
364,3/22/2018 21:20,68.4
345,3/22/2018 21:25,68.5
293,3/22/2018 21:30,68.2
309,3/22/2018 21:35,67.7
309,3/22/2018 21:40,68.1
274,3/22/2018 21:45,66.2
295,3/22/2018 21:50,65.8
293,3/22/2018 21:55,66.9
256,3/22/2018 22:00,66.5
266,3/22/2018 22:05,68.1
276,3/22/2018 22:10,66.2
254,3/22/2018 22:15,66.0
238,3/22/2018 22:20,67.9
250,3/22/2018 22:25,65.1
248,3/22/2018 22:30,68.8
208,3/22/2018 22:35,68.0
159,3/22/2018 22:40,68.0
196,3/22/2018 22:45,66.2
242,3/22/2018 22:50,66.8
185,3/22/2018 22:55,69.7
154,3/22/2018 23:00,71.3
167,3/22/2018 23:05,69.8
163,3/22/2018 23:10,68.9
147,3/22/2018 23:15,68.3
168,3/22/2018 23:20,64.3
171,3/22/2018 23:25,64.8
192,3/22/2018 23:30,67.6
78,3/22/2018 23:35,67.9
146,3/22/2018 23:40,66.2
88,3/22/2018 23:45,67.9
136,3/22/2018 23:50,67.5
125,3/22/2018 23:55,63.8
157,3/23/2018 0:00,68.7
98,3/23/2018 0:05,60.9
97,3/23/2018 0:10,64.2
83,3/23/2018 0:15,67.2
91,3/23/2018 0:20,66.3
113,3/23/2018 0:25,67.4
86,3/23/2018 0:30,63.7
102,3/23/2018 0:35,66.7
88,3/23/2018 0:40,61.6
91,3/23/2018 0:45,63.9
65,3/23/2018 0:50,65.3
81,3/23/2018 0:55,67.1
95,3/23/2018 1:00,65.9
55,3/23/2018 1:05,64.6
37,3/23/2018 1:10,66.1
67,3/23/2018 1:15,65.9
77,3/23/2018 1:20,66.7
56,3/23/2018 1:25,65.3
77,3/23/2018 1:30,67.0
37,3/23/2018 1:35,67.6
60,3/23/2018 1:40,65.2
69,3/23/2018 1:45,63.7
59,3/23/2018 1:50,66.5
85,3/23/2018 1:55,67.8
56,3/23/2018 2:00,67.8
71,3/23/2018 2:05,69.6
74,3/23/2018 2:10,69.8
57,3/23/2018 2:15,69.1
96,3/23/2018 2:20,66.0
66,3/23/2018 2:25,65.6
56,3/23/2018 2:30,67.2
57,3/23/2018 2:35,66.0
59,3/23/2018 2:40,65.1
57,3/23/2018 2:45,67.9
64,3/23/2018 2:50,66.3
88,3/23/2018 2:55,67.5
26,3/23/2018 3:00,68.3
45,3/23/2018 3:05,67.0
64,3/23/2018 3:10,69.2
65,3/23/2018 3:15,66.6
61,3/23/2018 3:20,68.4
52,3/23/2018 3:25,68.4
89,3/23/2018 3:30,68.1
101,3/23/2018 3:35,63.9
113,3/23/2018 3:40,63.9
91,3/23/2018 3:45,64.1
95,3/23/2018 3:50,64.1
76,3/23/2018 3:55,69.4
78,3/23/2018 4:00,68.9
85,3/23/2018 4:05,68.9
92,3/23/2018 4:10,69.1
127,3/23/2018 4:15,69.0
144,3/23/2018 4:20,67.6
181,3/23/2018 4:25,66.2
148,3/23/2018 4:30,70.5
184,3/23/2018 4:35,66.1
179,3/23/2018 4:40,70.5
215,3/23/2018 4:45,70.8
263,3/23/2018 4:50,68.7
244,3/23/2018 4:55,69.4
256,3/23/2018 5:00,72.3
317,3/23/2018 5:05,68.3
331,3/23/2018 5:10,70.3
405,3/23/2018 5:15,72.9
480,3/23/2018 5:20,73.0
435,3/23/2018 5:25,67.4
453,3/23/2018 5:30,68.6
435,3/23/2018 5:35,64.4
408,3/23/2018 5:40,64.6
445,3/23/2018 5:45,65.2
487,3/23/2018 5:50,65.2
403,3/23/2018 5:55,65.6
357,3/23/2018 6:00,66.5
511,3/23/2018 6:05,64.6
538,3/23/2018 6:10,66.3
465,3/23/2018 6:15,62.4
580,3/23/2018 6:20,61.5
475,3/23/2018 6:25,59.1
563,3/23/2018 6:30,59.1
497,3/23/2018 6:35,55.6
553,3/23/2018 6:40,54.6
522,3/23/2018 6:45,56.4
542,3/23/2018 6:50,59.4
464,3/23/2018 6:55,60.4
579,3/23/2018 7:00,60.2
512,3/23/2018 7:05,59.6
493,3/23/2018 7:10,57.7
570,3/23/2018 7:15,48.7
559,3/23/2018 7:20,52.5
564,3/23/2018 7:25,56.5
612,3/23/2018 7:30,53.2
543,3/23/2018 7:35,47.3
551,3/23/2018 7:40,40.7
427,3/23/2018 7:45,33.9
520,3/23/2018 7:50,36.6
547,3/23/2018 7:55,41.4
557,3/23/2018 8:00,41.7
570,3/23/2018 8:05,45.8
488,3/23/2018 8:10,39.0
524,3/23/2018 8:15,39.7
523,3/23/2018 8:20,36.6
554,3/23/2018 8:25,39.1
589,3/23/2018 8:30,45.0
557,3/23/2018 8:35,50.3
511,3/23/2018 8:40,53.9
564,3/23/2018 8:45,54.8
551,3/23/2018 8:50,54.9
500,3/23/2018 8:55,55.2
480,3/23/2018 9:00,58.1
481,3/23/2018 9:05,61.2
527,3/23/2018 9:10,64.3
512,3/23/2018 9:15,60.7
511,3/23/2018 9:20,62.5
530,3/23/2018 9:25,62.4
462,3/23/2018 9:30,61.8
534,3/23/2018 9:35,61.4
572,3/23/2018 9:40,61.4
565,3/23/2018 9:45,61.1
512,3/23/2018 9:50,60.4
496,3/23/2018 9:55,58.1
505,3/23/2018 10:00,54.6
475,3/23/2018 10:05,56.9
503,3/23/2018 10:10,58.9
583,3/23/2018 10:15,60.9
554,3/23/2018 10:20,61.6
506,3/23/2018 10:25,56.3
552,3/23/2018 10:30,59.6
488,3/23/2018 10:35,58.6
484,3/23/2018 10:40,59.3
503,3/23/2018 10:45,59.8
549,3/23/2018 10:50,59.4
478,3/23/2018 10:55,59.0
446,3/23/2018 11:00,54.1
447,3/23/2018 11:05,47.9
505,3/23/2018 11:10,43.0
482,3/23/2018 11:15,46.1
458,3/23/2018 11:20,46.8
482,3/23/2018 11:25,53.5
495,3/23/2018 11:30,55.9
448,3/23/2018 11:35,58.5
493,3/23/2018 11:40,58.4
450,3/23/2018 11:45,56.3
515,3/23/2018 11:50,60.4
476,3/23/2018 11:55,60.0
543,3/23/2018 12:00,59.1
412,3/23/2018 12:05,57.0
513,3/23/2018 12:10,57.6
497,3/23/2018 12:15,57.9
462,3/23/2018 12:20,58.8
486,3/23/2018 12:25,60.9
542,3/23/2018 12:30,57.2
534,3/23/2018 12:35,58.9
552,3/23/2018 12:40,60.3
520,3/23/2018 12:45,60.0
568,3/23/2018 12:50,59.5
498,3/23/2018 12:55,59.1
574,3/23/2018 13:00,61.8
559,3/23/2018 13:05,60.1
553,3/23/2018 13:10,59.5
550,3/23/2018 13:15,58.5
534,3/23/2018 13:20,57.6
506,3/23/2018 13:25,55.4
519,3/23/2018 13:30,57.3
496,3/23/2018 13:35,58.5
460,3/23/2018 13:40,56.4
508,3/23/2018 13:45,61.0
518,3/23/2018 13:50,57.8
494,3/23/2018 13:55,58.3
537,3/23/2018 14:00,61.4
538,3/23/2018 14:05,63.9
480,3/23/2018 14:10,60.9
500,3/23/2018 14:15,59.8
500,3/23/2018 14:20,57.6
577,3/23/2018 14:25,61.2
568,3/23/2018 14:30,62.7
573,3/23/2018 14:35,63.6
582,3/23/2018 14:40,65.0
583,3/23/2018 14:45,64.0
573,3/23/2018 14:50,61.0
565,3/23/2018 14:55,60.9
556,3/23/2018 15:00,58.6
552,3/23/2018 15:05,58.4
559,3/23/2018 15:10,58.1
561,3/23/2018 15:15,60.4
560,3/23/2018 15:20,59.7
554,3/23/2018 15:25,60.1
559,3/23/2018 15:30,61.0
565,3/23/2018 15:35,60.1
573,3/23/2018 15:40,59.4
568,3/23/2018 15:45,57.1
568,3/23/2018 15:50,57.8
559,3/23/2018 15:55,58.1
551,3/23/2018 16:00,58.4
552,3/23/2018 16:05,59.7
551,3/23/2018 16:10,52.3
560,3/23/2018 16:15,54.5
559,3/23/2018 16:20,54.7
552,3/23/2018 16:25,60.0
559,3/23/2018 16:30,61.6
565,3/23/2018 16:35,61.3
565,3/23/2018 16:40,60.9
565,3/23/2018 16:45,59.1
572,3/23/2018 16:50,59.2
564,3/23/2018 16:55,58.3
560,3/23/2018 17:00,58.6
569,3/23/2018 17:05,58.7
569,3/23/2018 17:10,57.4
575,3/23/2018 17:15,55.0
573,3/23/2018 17:20,53.2
561,3/23/2018 17:25,51.9
560,3/23/2018 17:30,51.2
559,3/23/2018 17:35,51.1
552,3/23/2018 17:40,55.2
543,3/23/2018 17:45,54.0
535,3/23/2018 17:50,53.1
547,3/23/2018 17:55,51.2
542,3/23/2018 18:00,51.1
541,3/23/2018 18:05,52.7
542,3/23/2018 18:10,52.9
519,3/23/2018 18:15,71.3
513,3/23/2018 18:20,68.6
511,3/23/2018 18:25,67.8
444,3/23/2018 18:30,67.2
461,3/23/2018 18:35,66.6
537,3/23/2018 18:40,64.1
464,3/23/2018 18:45,63.7
482,3/23/2018 18:50,65.7
392,3/23/2018 18:55,66.3
448,3/23/2018 19:00,64.6
470,3/23/2018 19:05,66.8
492,3/23/2018 19:10,64.8
452,3/23/2018 19:15,61.2
492,3/23/2018 19:20,62.5
482,3/23/2018 19:25,59.9
444,3/23/2018 19:30,62.7
489,3/23/2018 19:35,65.8
387,3/23/2018 19:40,65.3
398,3/23/2018 19:45,67.1
370,3/23/2018 19:50,66.3
423,3/23/2018 19:55,64.8
406,3/23/2018 20:00,64.7
400,3/23/2018 20:05,64.4
440,3/23/2018 20:10,66.1
430,3/23/2018 20:15,66.3
444,3/23/2018 20:20,67.7
433,3/23/2018 20:25,64.6
464,3/23/2018 20:30,65.2
401,3/23/2018 20:35,63.8
397,3/23/2018 20:40,65.6
391,3/23/2018 20:45,65.9
406,3/23/2018 20:50,63.8
397,3/23/2018 20:55,66.1
326,3/23/2018 21:00,64.1
384,3/23/2018 21:05,65.6
373,3/23/2018 21:10,65.5
361,3/23/2018 21:15,63.0
406,3/23/2018 21:20,66.1
354,3/23/2018 21:25,65.9
391,3/23/2018 21:30,66.0
381,3/23/2018 21:35,67.3
350,3/23/2018 21:40,65.6
306,3/23/2018 21:45,66.3
370,3/23/2018 21:50,64.5
331,3/23/2018 21:55,65.8
327,3/23/2018 22:00,65.1
354,3/23/2018 22:05,64.9
275,3/23/2018 22:10,66.0
342,3/23/2018 22:15,64.5
306,3/23/2018 22:20,63.8
311,3/23/2018 22:25,66.2
239,3/23/2018 22:30,68.3
339,3/23/2018 22:35,68.3
304,3/23/2018 22:40,66.1
273,3/23/2018 22:45,65.9
234,3/23/2018 22:50,62.0
299,3/23/2018 22:55,65.5
300,3/23/2018 23:00,64.3
273,3/23/2018 23:05,66.0
230,3/23/2018 23:10,64.7
223,3/23/2018 23:15,66.7
220,3/23/2018 23:20,67.9
227,3/23/2018 23:25,69.0
199,3/23/2018 23:30,70.5
251,3/23/2018 23:35,70.2
125,3/23/2018 23:40,68.5
156,3/23/2018 23:45,71.8
202,3/23/2018 23:50,67.6
174,3/23/2018 23:55,65.3
198,3/24/2018 0:00,67.7
152,3/24/2018 0:05,68.1
147,3/24/2018 0:10,66.0
135,3/24/2018 0:15,68.0
137,3/24/2018 0:20,68.8
137,3/24/2018 0:25,66.5
95,3/24/2018 0:30,67.1
159,3/24/2018 0:35,68.0
121,3/24/2018 0:40,67.9
82,3/24/2018 0:45,66.5
127,3/24/2018 0:50,66.2
124,3/24/2018 0:55,67.7
118,3/24/2018 1:00,69.5
101,3/24/2018 1:05,68.9
101,3/24/2018 1:10,68.8
90,3/24/2018 1:15,64.8
103,3/24/2018 1:20,66.7
114,3/24/2018 1:25,69.5
125,3/24/2018 1:30,68.0
63,3/24/2018 1:35,67.2
59,3/24/2018 1:40,66.6
83,3/24/2018 1:45,66.2
110,3/24/2018 1:50,67.9
138,3/24/2018 1:55,71.7
99,3/24/2018 2:00,67.7
79,3/24/2018 2:05,68.3
50,3/24/2018 2:10,68.5
73,3/24/2018 2:15,68.2
87,3/24/2018 2:20,66.3
53,3/24/2018 2:25,67.2
73,3/24/2018 2:30,68.6
76,3/24/2018 2:35,67.2
93,3/24/2018 2:40,70.7
69,3/24/2018 2:45,68.2
75,3/24/2018 2:50,69.6
58,3/24/2018 2:55,69.7
77,3/24/2018 3:00,69.9
57,3/24/2018 3:05,68.6
77,3/24/2018 3:10,69.1
51,3/24/2018 3:15,69.5
44,3/24/2018 3:20,69.6
63,3/24/2018 3:25,67.2
77,3/24/2018 3:30,68.5
56,3/24/2018 3:35,67.3
34,3/24/2018 3:40,67.8
40,3/24/2018 3:45,68.1
72,3/24/2018 3:50,68.9
84,3/24/2018 3:55,64.7
80,3/24/2018 4:00,66.6
83,3/24/2018 4:05,68.3
101,3/24/2018 4:10,69.1
54,3/24/2018 4:15,69.3
86,3/24/2018 4:20,69.1
72,3/24/2018 4:25,67.6
82,3/24/2018 4:30,65.3
111,3/24/2018 4:35,68.3
95,3/24/2018 4:40,66.8
113,3/24/2018 4:45,66.0
134,3/24/2018 4:50,67.7
161,3/24/2018 4:55,63.2
133,3/24/2018 5:00,65.3
132,3/24/2018 5:05,66.7
104,3/24/2018 5:10,67.6
110,3/24/2018 5:15,67.9
191,3/24/2018 5:20,66.8
147,3/24/2018 5:25,67.3
153,3/24/2018 5:30,65.0
130,3/24/2018 5:35,64.4
172,3/24/2018 5:40,64.9
149,3/24/2018 5:45,63.9
155,3/24/2018 5:50,64.9
172,3/24/2018 5:55,65.2
106,3/24/2018 6:00,67.5
187,3/24/2018 6:05,68.3
207,3/24/2018 6:10,69.4
195,3/24/2018 6:15,68.1
201,3/24/2018 6:20,68.7
177,3/24/2018 6:25,69.0
251,3/24/2018 6:30,68.1
190,3/24/2018 6:35,64.7
219,3/24/2018 6:40,66.2
185,3/24/2018 6:45,69.1
179,3/24/2018 6:50,68.1
137,3/24/2018 6:55,68.1
138,3/24/2018 7:00,68.1
174,3/24/2018 7:05,70.3
190,3/24/2018 7:10,67.9
216,3/24/2018 7:15,66.0
234,3/24/2018 7:20,63.0
224,3/24/2018 7:25,64.9
251,3/24/2018 7:30,65.9
306,3/24/2018 7:35,68.7
413,3/24/2018 7:40,65.5
367,3/24/2018 7:45,64.6
406,3/24/2018 7:50,63.2
281,3/24/2018 7:55,65.1
303,3/24/2018 8:00,64.4
334,3/24/2018 8:05,62.8
344,3/24/2018 8:10,64.0
397,3/24/2018 8:15,62.8
401,3/24/2018 8:20,66.3
450,3/24/2018 8:25,67.0
419,3/24/2018 8:30,67.0
401,3/24/2018 8:35,68.2
404,3/24/2018 8:40,69.0
464,3/24/2018 8:45,67.1
451,3/24/2018 8:50,66.0
415,3/24/2018 8:55,68.1
370,3/24/2018 9:00,67.4
460,3/24/2018 9:05,67.1
448,3/24/2018 9:10,65.0
475,3/24/2018 9:15,63.0
484,3/24/2018 9:20,65.2
471,3/24/2018 9:25,66.3
557,3/24/2018 9:30,64.9
525,3/24/2018 9:35,65.4
516,3/24/2018 9:40,66.7
534,3/24/2018 9:45,63.6
555,3/24/2018 9:50,64.0
534,3/24/2018 9:55,63.8
498,3/24/2018 10:00,63.5
479,3/24/2018 10:05,64.5
435,3/24/2018 10:10,64.9
475,3/24/2018 10:15,66.5
500,3/24/2018 10:20,66.3
539,3/24/2018 10:25,66.3
495,3/24/2018 10:30,65.3
490,3/24/2018 10:35,64.9
469,3/24/2018 10:40,65.0
496,3/24/2018 10:45,64.1
503,3/24/2018 10:50,66.4
522,3/24/2018 10:55,66.0
550,3/24/2018 11:00,67.8
493,3/24/2018 11:05,65.7
520,3/24/2018 11:10,62.5
515,3/24/2018 11:15,59.3
576,3/24/2018 11:20,54.9
501,3/24/2018 11:25,53.6
497,3/24/2018 11:30,63.3
480,3/24/2018 11:35,61.2
489,3/24/2018 11:40,63.0
517,3/24/2018 11:45,65.0
515,3/24/2018 11:50,68.0
511,3/24/2018 11:55,64.9
547,3/24/2018 12:00,65.6
481,3/24/2018 12:05,65.3
530,3/24/2018 12:10,65.1
565,3/24/2018 12:15,63.0
481,3/24/2018 12:20,63.4
531,3/24/2018 12:25,65.3
499,3/24/2018 12:30,63.3
552,3/24/2018 12:35,63.2
596,3/24/2018 12:40,64.7
581,3/24/2018 12:45,63.4
544,3/24/2018 12:50,63.3
511,3/24/2018 12:55,56.3
506,3/24/2018 13:00,52.7
488,3/24/2018 13:05,53.3
540,3/24/2018 13:10,54.1
564,3/24/2018 13:15,57.9
543,3/24/2018 13:20,57.5
528,3/24/2018 13:25,58.4
531,3/24/2018 13:30,55.3
543,3/24/2018 13:35,53.6
539,3/24/2018 13:40,49.7
563,3/24/2018 13:45,52.8
571,3/24/2018 13:50,54.5
503,3/24/2018 13:55,52.0
572,3/24/2018 14:00,53.7
534,3/24/2018 14:05,55.2
519,3/24/2018 14:10,51.2
549,3/24/2018 14:15,52.0
540,3/24/2018 14:20,50.2
489,3/24/2018 14:25,56.0
576,3/24/2018 14:30,55.1
493,3/24/2018 14:35,57.1
601,3/24/2018 14:40,57.9
465,3/24/2018 14:45,53.9
503,3/24/2018 14:50,46.7
534,3/24/2018 14:55,48.2
494,3/24/2018 15:00,43.3
547,3/24/2018 15:05,45.5
510,3/24/2018 15:10,45.1
458,3/24/2018 15:15,42.2
494,3/24/2018 15:20,43.6
514,3/24/2018 15:25,45.3
554,3/24/2018 15:30,48.1
541,3/24/2018 15:35,45.5
570,3/24/2018 15:40,48.8
502,3/24/2018 15:45,53.0
524,3/24/2018 15:50,50.4
500,3/24/2018 15:55,47.1
496,3/24/2018 16:00,45.4
506,3/24/2018 16:05,46.5
582,3/24/2018 16:10,52.4
584,3/24/2018 16:15,62.9
497,3/24/2018 16:20,61.2
559,3/24/2018 16:25,63.0
593,3/24/2018 16:30,65.0
555,3/24/2018 16:35,63.4
524,3/24/2018 16:40,65.3
535,3/24/2018 16:45,64.5
597,3/24/2018 16:50,65.8
553,3/24/2018 16:55,62.9
570,3/24/2018 17:00,62.3
533,3/24/2018 17:05,62.5
532,3/24/2018 17:10,62.7
537,3/24/2018 17:15,62.2
506,3/24/2018 17:20,53.5
548,3/24/2018 17:25,57.7
519,3/24/2018 17:30,59.7
481,3/24/2018 17:35,57.0
501,3/24/2018 17:40,58.6
508,3/24/2018 17:45,60.9
511,3/24/2018 17:50,63.1
497,3/24/2018 17:55,63.0
551,3/24/2018 18:00,65.7
543,3/24/2018 18:05,64.3
532,3/24/2018 18:10,62.6
498,3/24/2018 18:15,62.9
471,3/24/2018 18:20,62.2
528,3/24/2018 18:25,66.9
512,3/24/2018 18:30,64.1
531,3/24/2018 18:35,65.0
536,3/24/2018 18:40,63.1
527,3/24/2018 18:45,61.7
450,3/24/2018 18:50,61.9
414,3/24/2018 18:55,62.3
471,3/24/2018 19:00,63.3
501,3/24/2018 19:05,62.5
498,3/24/2018 19:10,62.0
513,3/24/2018 19:15,64.2
493,3/24/2018 19:20,66.1
407,3/24/2018 19:25,63.7
393,3/24/2018 19:30,63.0
423,3/24/2018 19:35,64.1
446,3/24/2018 19:40,62.6
444,3/24/2018 19:45,61.5
442,3/24/2018 19:50,62.1
444,3/24/2018 19:55,62.2
409,3/24/2018 20:00,63.5
434,3/24/2018 20:05,65.5
387,3/24/2018 20:10,64.0
434,3/24/2018 20:15,64.5
392,3/24/2018 20:20,63.4
423,3/24/2018 20:25,61.9
440,3/24/2018 20:30,62.4
435,3/24/2018 20:35,63.9
411,3/24/2018 20:40,65.8
402,3/24/2018 20:45,65.1
380,3/24/2018 20:50,64.8
405,3/24/2018 20:55,64.7
428,3/24/2018 21:00,65.2
432,3/24/2018 21:05,65.6
395,3/24/2018 21:10,66.1
405,3/24/2018 21:15,66.9
401,3/24/2018 21:20,65.6
440,3/24/2018 21:25,65.0
405,3/24/2018 21:30,65.5
402,3/24/2018 21:35,64.1
417,3/24/2018 21:40,64.3
399,3/24/2018 21:45,65.1
416,3/24/2018 21:50,65.2
382,3/24/2018 21:55,67.3
402,3/24/2018 22:00,67.2
404,3/24/2018 22:05,66.5
404,3/24/2018 22:10,64.4
373,3/24/2018 22:15,63.8
370,3/24/2018 22:20,64.5
391,3/24/2018 22:25,65.9
328,3/24/2018 22:30,67.0
339,3/24/2018 22:35,65.9
349,3/24/2018 22:40,65.9
356,3/24/2018 22:45,67.4
339,3/24/2018 22:50,66.0
298,3/24/2018 22:55,66.1
308,3/24/2018 23:00,65.3
304,3/24/2018 23:05,65.5
304,3/24/2018 23:10,65.5
276,3/24/2018 23:15,65.9
266,3/24/2018 23:20,63.7
264,3/24/2018 23:25,65.4
238,3/24/2018 23:30,65.2
146,3/24/2018 23:35,66.4
228,3/24/2018 23:40,66.9
184,3/24/2018 23:45,66.2
199,3/24/2018 23:50,67.6
260,3/24/2018 23:55,66.7
239,3/25/2018 0:00,68.5
60,3/25/2018 0:05,66.2
234,3/25/2018 0:10,62.1
175,3/25/2018 0:15,65.8
209,3/25/2018 0:20,68.0
159,3/25/2018 0:25,67.3
211,3/25/2018 0:30,66.5
139,3/25/2018 0:35,67.0
136,3/25/2018 0:40,68.8
171,3/25/2018 0:45,70.7
125,3/25/2018 0:50,68.7
137,3/25/2018 0:55,67.3
99,3/25/2018 1:00,68.4
106,3/25/2018 1:05,68.7
103,3/25/2018 1:10,68.9
72,3/25/2018 1:15,68.4
74,3/25/2018 1:20,67.9
78,3/25/2018 1:25,69.0
71,3/25/2018 1:30,67.5
86,3/25/2018 1:35,68.4
63,3/25/2018 1:40,67.3
99,3/25/2018 1:45,68.2
65,3/25/2018 1:50,63.3
70,3/25/2018 1:55,65.8
58,3/25/2018 2:00,66.2
85,3/25/2018 2:05,66.5
92,3/25/2018 2:10,66.9
93,3/25/2018 2:15,66.7
80,3/25/2018 2:20,66.1
64,3/25/2018 2:25,67.3
76,3/25/2018 2:30,67.8
94,3/25/2018 2:35,67.6
65,3/25/2018 2:40,67.4
68,3/25/2018 2:45,67.7
40,3/25/2018 2:50,68.5
60,3/25/2018 2:55,67.7
75,3/25/2018 3:00,67.4
76,3/25/2018 3:05,67.9
102,3/25/2018 3:10,68.4
59,3/25/2018 3:15,68.1
106,3/25/2018 3:20,67.5
40,3/25/2018 3:25,67.1
63,3/25/2018 3:30,68.1
85,3/25/2018 3:35,68.0
62,3/25/2018 3:40,70.9
60,3/25/2018 3:45,70.8
59,3/25/2018 3:50,68.5
46,3/25/2018 3:55,67.8
46,3/25/2018 4:00,67.5
53,3/25/2018 4:05,70.6
91,3/25/2018 4:10,68.5
66,3/25/2018 4:15,68.8
46,3/25/2018 4:20,67.3
59,3/25/2018 4:25,71.0
96,3/25/2018 4:30,68.6
85,3/25/2018 4:35,67.3
96,3/25/2018 4:40,67.3
65,3/25/2018 4:45,71.0
67,3/25/2018 4:50,71.1
75,3/25/2018 4:55,68.3
106,3/25/2018 5:00,69.1
95,3/25/2018 5:05,67.6
95,3/25/2018 5:10,67.3
113,3/25/2018 5:15,66.5
73,3/25/2018 5:20,66.6
136,3/25/2018 5:25,67.4
112,3/25/2018 5:30,67.3
95,3/25/2018 5:35,67.0
129,3/25/2018 5:40,69.1
108,3/25/2018 5:45,68.7
91,3/25/2018 5:50,69.1
109,3/25/2018 5:55,68.0
97,3/25/2018 6:00,66.9
107,3/25/2018 6:05,66.4
146,3/25/2018 6:10,67.3
147,3/25/2018 6:15,66.8
142,3/25/2018 6:20,67.5
174,3/25/2018 6:25,65.6
175,3/25/2018 6:30,66.8
200,3/25/2018 6:35,67.5
187,3/25/2018 6:40,67.2
148,3/25/2018 6:45,68.1
134,3/25/2018 6:50,69.4
145,3/25/2018 6:55,69.9
124,3/25/2018 7:00,68.5
130,3/25/2018 7:05,66.6
144,3/25/2018 7:10,65.7
165,3/25/2018 7:15,66.8
207,3/25/2018 7:20,65.7
207,3/25/2018 7:25,66.6
193,3/25/2018 7:30,66.6
156,3/25/2018 7:35,66.4
210,3/25/2018 7:40,65.6
173,3/25/2018 7:45,66.7
243,3/25/2018 7:50,66.8
221,3/25/2018 7:55,66.5
203,3/25/2018 8:00,66.8
187,3/25/2018 8:05,65.9
256,3/25/2018 8:10,67.4
283,3/25/2018 8:15,66.3
232,3/25/2018 8:20,66.8
292,3/25/2018 8:25,67.4
286,3/25/2018 8:30,65.0
304,3/25/2018 8:35,64.4
289,3/25/2018 8:40,65.0
364,3/25/2018 8:45,66.9
327,3/25/2018 8:50,67.5
295,3/25/2018 8:55,65.3
303,3/25/2018 9:00,67.0
334,3/25/2018 9:05,68.5
334,3/25/2018 9:10,66.9
380,3/25/2018 9:15,67.5
324,3/25/2018 9:20,66.7
391,3/25/2018 9:25,67.4
388,3/25/2018 9:30,68.5
388,3/25/2018 9:35,69.1
435,3/25/2018 9:40,64.9
380,3/25/2018 9:45,64.7
436,3/25/2018 9:50,64.6
444,3/25/2018 9:55,64.2
410,3/25/2018 10:00,64.0
440,3/25/2018 10:05,64.4
402,3/25/2018 10:10,65.1
440,3/25/2018 10:15,64.0
380,3/25/2018 10:20,62.9
433,3/25/2018 10:25,64.1
490,3/25/2018 10:30,64.5
444,3/25/2018 10:35,64.9
471,3/25/2018 10:40,64.8
525,3/25/2018 10:45,64.7
493,3/25/2018 10:50,64.8
511,3/25/2018 10:55,63.7
497,3/25/2018 11:00,63.0
441,3/25/2018 11:05,65.2
462,3/25/2018 11:10,65.2
478,3/25/2018 11:15,65.5
506,3/25/2018 11:20,65.8
529,3/25/2018 11:25,64.6
498,3/25/2018 11:30,63.4
480,3/25/2018 11:35,63.6
523,3/25/2018 11:40,63.8
462,3/25/2018 11:45,62.9
462,3/25/2018 11:50,66.6
480,3/25/2018 11:55,63.6
451,3/25/2018 12:00,63.7
475,3/25/2018 12:05,66.2
566,3/25/2018 12:10,64.3
544,3/25/2018 12:15,64.6
502,3/25/2018 12:20,64.3
497,3/25/2018 12:25,62.8
505,3/25/2018 12:30,63.7
526,3/25/2018 12:35,62.6
560,3/25/2018 12:40,61.4
581,3/25/2018 12:45,62.4
621,3/25/2018 12:50,60.5
502,3/25/2018 12:55,61.3
513,3/25/2018 13:00,62.4
486,3/25/2018 13:05,61.6
540,3/25/2018 13:10,62.1
511,3/25/2018 13:15,61.1
571,3/25/2018 13:20,62.3
545,3/25/2018 13:25,62.3
501,3/25/2018 13:30,63.2
498,3/25/2018 13:35,64.6
536,3/25/2018 13:40,63.0
476,3/25/2018 13:45,63.0
518,3/25/2018 13:50,63.1
506,3/25/2018 13:55,62.9
576,3/25/2018 14:00,62.7
544,3/25/2018 14:05,63.9
481,3/25/2018 14:10,63.7
448,3/25/2018 14:15,61.4
582,3/25/2018 14:20,61.1
545,3/25/2018 14:25,61.9
569,3/25/2018 14:30,62.3
525,3/25/2018 14:35,63.3
598,3/25/2018 14:40,63.1
523,3/25/2018 14:45,62.2
554,3/25/2018 14:50,61.7
588,3/25/2018 14:55,63.6
523,3/25/2018 15:00,61.9
493,3/25/2018 15:05,64.0
559,3/25/2018 15:10,59.8
576,3/25/2018 15:15,62.1
514,3/25/2018 15:20,62.2
510,3/25/2018 15:25,62.5
595,3/25/2018 15:30,61.5
530,3/25/2018 15:35,62.7
540,3/25/2018 15:40,60.6
542,3/25/2018 15:45,62.0
520,3/25/2018 15:50,61.4
481,3/25/2018 15:55,61.2
545,3/25/2018 16:00,61.2
553,3/25/2018 16:05,63.5
595,3/25/2018 16:10,64.2
539,3/25/2018 16:15,61.5
616,3/25/2018 16:20,61.1
506,3/25/2018 16:25,62.1
540,3/25/2018 16:30,60.8
464,3/25/2018 16:35,61.6
431,3/25/2018 16:40,62.7
455,3/25/2018 16:45,62.5
518,3/25/2018 16:50,60.3
559,3/25/2018 16:55,61.0
600,3/25/2018 17:00,60.7
495,3/25/2018 17:05,61.1
448,3/25/2018 17:10,61.5
481,3/25/2018 17:15,63.4
464,3/25/2018 17:20,61.9
398,3/25/2018 17:25,61.5
482,3/25/2018 17:30,62.6
476,3/25/2018 17:35,62.3
520,3/25/2018 17:40,62.2
481,3/25/2018 17:45,61.0
451,3/25/2018 17:50,60.7
541,3/25/2018 17:55,61.4
488,3/25/2018 18:00,60.5
524,3/25/2018 18:05,59.9
438,3/25/2018 18:10,60.2
450,3/25/2018 18:15,60.4
483,3/25/2018 18:20,61.1
554,3/25/2018 18:25,62.7
483,3/25/2018 18:30,62.6
455,3/25/2018 18:35,63.8
465,3/25/2018 18:40,63.3
454,3/25/2018 18:45,63.5
291,3/25/2018 18:50,64.5
387,3/25/2018 18:55,66.4
380,3/25/2018 19:00,65.1
427,3/25/2018 19:05,61.9
448,3/25/2018 19:10,62.1
450,3/25/2018 19:15,59.7
478,3/25/2018 19:20,60.0
433,3/25/2018 19:25,61.6
431,3/25/2018 19:30,60.3
387,3/25/2018 19:35,61.5
458,3/25/2018 19:40,61.7
435,3/25/2018 19:45,61.6
423,3/25/2018 19:50,60.7
425,3/25/2018 19:55,60.8
464,3/25/2018 20:00,60.5
427,3/25/2018 20:05,62.3
464,3/25/2018 20:10,61.8
417,3/25/2018 20:15,62.7
415,3/25/2018 20:20,63.1
469,3/25/2018 20:25,60.4
471,3/25/2018 20:30,61.7
356,3/25/2018 20:35,61.4
450,3/25/2018 20:40,62.2
423,3/25/2018 20:45,61.9
395,3/25/2018 20:50,62.0
387,3/25/2018 20:55,62.9
387,3/25/2018 21:00,63.6
387,3/25/2018 21:05,67.4
376,3/25/2018 21:10,66.0
459,3/25/2018 21:15,67.1
423,3/25/2018 21:20,66.5
401,3/25/2018 21:25,67.5
475,3/25/2018 21:30,66.4
429,3/25/2018 21:35,67.2
458,3/25/2018 21:40,67.0
433,3/25/2018 21:45,67.0
450,3/25/2018 21:50,65.5
452,3/25/2018 21:55,64.9
370,3/25/2018 22:00,66.5
401,3/25/2018 22:05,67.8
308,3/25/2018 22:10,63.9
315,3/25/2018 22:15,62.9
270,3/25/2018 22:20,65.6
307,3/25/2018 22:25,66.8
285,3/25/2018 22:30,67.5
274,3/25/2018 22:35,69.8
218,3/25/2018 22:40,67.4
233,3/25/2018 22:45,68.9
255,3/25/2018 22:50,68.7
211,3/25/2018 22:55,69.1
200,3/25/2018 23:00,68.2
195,3/25/2018 23:05,68.6
208,3/25/2018 23:10,69.0
170,3/25/2018 23:15,68.3
192,3/25/2018 23:20,68.9
136,3/25/2018 23:25,67.9
150,3/25/2018 23:30,69.3
147,3/25/2018 23:35,69.1
110,3/25/2018 23:40,68.6
108,3/25/2018 23:45,67.6
130,3/25/2018 23:50,68.4
105,3/25/2018 23:55,67.1
190,3/26/2018 0:00,69.4
75,3/26/2018 0:05,69.4
126,3/26/2018 0:10,68.5
97,3/26/2018 0:15,68.2
128,3/26/2018 0:20,69.6
63,3/26/2018 0:25,68.7
130,3/26/2018 0:30,70.5
60,3/26/2018 0:35,69.5
70,3/26/2018 0:40,68.0
58,3/26/2018 0:45,67.1
58,3/26/2018 0:50,67.9
54,3/26/2018 0:55,68.5
80,3/26/2018 1:00,67.8
69,3/26/2018 1:05,67.4
40,3/26/2018 1:10,68.2
75,3/26/2018 1:15,68.1
62,3/26/2018 1:20,68.4
54,3/26/2018 1:25,67.7
65,3/26/2018 1:30,66.5
52,3/26/2018 1:35,67.5
33,3/26/2018 1:40,66.3
56,3/26/2018 1:45,64.0
46,3/26/2018 1:50,63.9
75,3/26/2018 1:55,66.9
102,3/26/2018 2:00,63.3
37,3/26/2018 2:05,65.5
52,3/26/2018 2:10,67.6
52,3/26/2018 2:15,65.6
49,3/26/2018 2:20,64.0
55,3/26/2018 2:25,69.8
43,3/26/2018 2:30,68.5
58,3/26/2018 2:35,66.4
59,3/26/2018 2:40,66.7
62,3/26/2018 2:45,67.1
87,3/26/2018 2:50,69.8
51,3/26/2018 2:55,66.5
92,3/26/2018 3:00,71.0
76,3/26/2018 3:05,68.5
53,3/26/2018 3:10,67.6
104,3/26/2018 3:15,67.0
40,3/26/2018 3:20,67.1
58,3/26/2018 3:25,68.1
86,3/26/2018 3:30,69.1
90,3/26/2018 3:35,61.5
89,3/26/2018 3:40,59.6
100,3/26/2018 3:45,63.9
84,3/26/2018 3:50,64.1
141,3/26/2018 3:55,70.0
121,3/26/2018 4:00,69.9
118,3/26/2018 4:05,64.5
135,3/26/2018 4:10,69.4
144,3/26/2018 4:15,68.4
197,3/26/2018 4:20,71.7
192,3/26/2018 4:25,65.5
237,3/26/2018 4:30,70.8
237,3/26/2018 4:35,71.9
214,3/26/2018 4:40,71.9
244,3/26/2018 4:45,70.4
288,3/26/2018 4:50,70.9
298,3/26/2018 4:55,70.2
357,3/26/2018 5:00,71.7
358,3/26/2018 5:05,72.4
492,3/26/2018 5:10,73.1
498,3/26/2018 5:15,71.4
507,3/26/2018 5:20,65.7
412,3/26/2018 5:25,62.1
515,3/26/2018 5:30,61.9
552,3/26/2018 5:35,69.4
507,3/26/2018 5:40,67.3
488,3/26/2018 5:45,64.3
498,3/26/2018 5:50,68.8
518,3/26/2018 5:55,69.4
479,3/26/2018 6:00,64.3
446,3/26/2018 6:05,64.3
474,3/26/2018 6:10,62.2
515,3/26/2018 6:15,64.0
458,3/26/2018 6:20,62.1
504,3/26/2018 6:25,63.2
518,3/26/2018 6:30,63.6
562,3/26/2018 6:35,61.1
463,3/26/2018 6:40,60.1
535,3/26/2018 6:45,59.9
473,3/26/2018 6:50,58.2
554,3/26/2018 6:55,61.1
503,3/26/2018 7:00,62.7
526,3/26/2018 7:05,65.1
495,3/26/2018 7:10,59.5
528,3/26/2018 7:15,56.8
495,3/26/2018 7:20,56.8
480,3/26/2018 7:25,57.6
491,3/26/2018 7:30,56.8
459,3/26/2018 7:35,56.6
444,3/26/2018 7:40,55.9
499,3/26/2018 7:45,61.8
604,3/26/2018 7:50,55.7
560,3/26/2018 7:55,51.4
600,3/26/2018 8:00,47.7
493,3/26/2018 8:05,43.6
527,3/26/2018 8:10,37.3
469,3/26/2018 8:15,32.2
527,3/26/2018 8:20,31.8
533,3/26/2018 8:25,31.7
547,3/26/2018 8:30,36.5
507,3/26/2018 8:35,34.8
539,3/26/2018 8:40,34.8
492,3/26/2018 8:45,36.2
507,3/26/2018 8:50,43.6
539,3/26/2018 8:55,45.0
578,3/26/2018 9:00,48.1
482,3/26/2018 9:05,49.0
536,3/26/2018 9:10,45.0
564,3/26/2018 9:15,42.6
527,3/26/2018 9:20,43.4
563,3/26/2018 9:25,43.6
564,3/26/2018 9:30,44.9
494,3/26/2018 9:35,39.6
458,3/26/2018 9:40,38.6
521,3/26/2018 9:45,41.6
472,3/26/2018 9:50,37.0
517,3/26/2018 9:55,48.1
471,3/26/2018 10:00,49.8
480,3/26/2018 10:05,54.1
458,3/26/2018 10:10,54.5
480,3/26/2018 10:15,54.1
458,3/26/2018 10:20,54.5
351,3/26/2018 10:25,53.8
495,3/26/2018 10:30,57.4
492,3/26/2018 10:35,58.5
458,3/26/2018 10:40,60.2
454,3/26/2018 10:45,59.9
489,3/26/2018 10:50,61.0
480,3/26/2018 10:55,62.5
465,3/26/2018 11:00,61.3
433,3/26/2018 11:05,59.2
512,3/26/2018 11:10,60.9
476,3/26/2018 11:15,63.1
568,3/26/2018 11:20,58.9
471,3/26/2018 11:25,59.2
498,3/26/2018 11:30,58.7
496,3/26/2018 11:35,59.7
489,3/26/2018 11:40,59.1
480,3/26/2018 11:45,61.9
443,3/26/2018 11:50,58.4
475,3/26/2018 11:55,60.5
455,3/26/2018 12:00,59.1
511,3/26/2018 12:05,58.8
541,3/26/2018 12:10,57.3
522,3/26/2018 12:15,57.8
463,3/26/2018 12:20,58.1
446,3/26/2018 12:25,57.6
534,3/26/2018 12:30,58.5
489,3/26/2018 12:35,59.2
523,3/26/2018 12:40,59.5
468,3/26/2018 12:45,59.9
497,3/26/2018 12:50,57.9
503,3/26/2018 12:55,58.2
480,3/26/2018 13:00,61.5
474,3/26/2018 13:05,63.3
444,3/26/2018 13:10,60.9
419,3/26/2018 13:15,62.2
467,3/26/2018 13:20,60.7
476,3/26/2018 13:25,59.5
480,3/26/2018 13:30,58.3
443,3/26/2018 13:35,58.2
493,3/26/2018 13:40,60.4
489,3/26/2018 13:45,61.2
525,3/26/2018 13:50,59.4
419,3/26/2018 13:55,59.1
495,3/26/2018 14:00,58.1
466,3/26/2018 14:05,60.2
516,3/26/2018 14:10,59.9
516,3/26/2018 14:15,61.7
433,3/26/2018 14:20,61.2
458,3/26/2018 14:25,63.3
509,3/26/2018 14:30,61.9
506,3/26/2018 14:35,60.6
561,3/26/2018 14:40,63.3
465,3/26/2018 14:45,62.8
541,3/26/2018 14:50,63.8
529,3/26/2018 14:55,61.5
505,3/26/2018 15:00,61.4
551,3/26/2018 15:05,61.6
497,3/26/2018 15:10,60.8
559,3/26/2018 15:15,60.0
563,3/26/2018 15:20,61.9
571,3/26/2018 15:25,62.0
585,3/26/2018 15:30,62.3
576,3/26/2018 15:35,62.2
501,3/26/2018 15:40,59.3
576,3/26/2018 15:45,61.4
531,3/26/2018 15:50,60.1
559,3/26/2018 15:55,59.9
560,3/26/2018 16:00,59.5
537,3/26/2018 16:05,59.5
523,3/26/2018 16:10,61.3
524,3/26/2018 16:15,59.1
576,3/26/2018 16:20,61.3
590,3/26/2018 16:25,61.4
548,3/26/2018 16:30,60.2
543,3/26/2018 16:35,52.6
507,3/26/2018 16:40,52.2
471,3/26/2018 16:45,44.8
545,3/26/2018 16:50,43.6
474,3/26/2018 16:55,42.4
582,3/26/2018 17:00,53.2
489,3/26/2018 17:05,55.0
592,3/26/2018 17:10,48.7
529,3/26/2018 17:15,44.2
505,3/26/2018 17:20,37.6
463,3/26/2018 17:25,38.7
513,3/26/2018 17:30,48.3
528,3/26/2018 17:35,55.2
558,3/26/2018 17:40,60.1
537,3/26/2018 17:45,62.1
534,3/26/2018 17:50,64.6
511,3/26/2018 17:55,63.2
492,3/26/2018 18:00,64.5
592,3/26/2018 18:05,66.0
555,3/26/2018 18:10,66.6
492,3/26/2018 18:15,62.1
435,3/26/2018 18:20,61.6
481,3/26/2018 18:25,62.8
494,3/26/2018 18:30,59.3
503,3/26/2018 18:35,60.1
524,3/26/2018 18:40,65.2
474,3/26/2018 18:45,67.3
454,3/26/2018 18:50,64.9
423,3/26/2018 18:55,64.5
382,3/26/2018 19:00,63.0
464,3/26/2018 19:05,65.1
454,3/26/2018 19:10,64.9
471,3/26/2018 19:15,65.1
425,3/26/2018 19:20,61.1
440,3/26/2018 19:25,62.0
344,3/26/2018 19:30,63.3
356,3/26/2018 19:35,64.8
356,3/26/2018 19:40,65.2
385,3/26/2018 19:45,64.6
387,3/26/2018 19:50,65.5
326,3/26/2018 19:55,66.3
355,3/26/2018 20:00,62.5
331,3/26/2018 20:05,63.1
369,3/26/2018 20:10,65.0
323,3/26/2018 20:15,66.8
339,3/26/2018 20:20,66.3
309,3/26/2018 20:25,65.7
335,3/26/2018 20:30,67.1
310,3/26/2018 20:35,65.3
322,3/26/2018 20:40,67.0
260,3/26/2018 20:45,69.2
272,3/26/2018 20:50,70.2
293,3/26/2018 20:55,68.8
290,3/26/2018 21:00,67.6
331,3/26/2018 21:05,63.4
339,3/26/2018 21:10,62.0
286,3/26/2018 21:15,65.2
284,3/26/2018 21:20,68.2
304,3/26/2018 21:25,67.0
310,3/26/2018 21:30,64.8
256,3/26/2018 21:35,67.3
238,3/26/2018 21:40,67.3
253,3/26/2018 21:45,67.2
278,3/26/2018 21:50,65.0
214,3/26/2018 21:55,67.1
208,3/26/2018 22:00,63.8
250,3/26/2018 22:05,63.7
272,3/26/2018 22:10,67.5
216,3/26/2018 22:15,63.3
236,3/26/2018 22:20,65.4
216,3/26/2018 22:25,65.5
207,3/26/2018 22:30,65.3
247,3/26/2018 22:35,64.9
179,3/26/2018 22:40,63.3
170,3/26/2018 22:45,62.1
137,3/26/2018 22:50,65.3
164,3/26/2018 22:55,63.0
110,3/26/2018 23:00,65.2
186,3/26/2018 23:05,64.1
128,3/26/2018 23:10,63.5
131,3/26/2018 23:15,65.0
148,3/26/2018 23:20,66.8
169,3/26/2018 23:25,65.7
104,3/26/2018 23:30,67.4
153,3/26/2018 23:35,68.9
117,3/26/2018 23:40,68.6
101,3/26/2018 23:45,69.4
142,3/26/2018 23:50,65.5
100,3/26/2018 23:55,65.2
107,3/27/2018 0:00,68.6
106,3/27/2018 0:05,66.7
118,3/27/2018 0:10,68.6
93,3/27/2018 0:15,69.6
66,3/27/2018 0:20,66.6
91,3/27/2018 0:25,65.3
65,3/27/2018 0:30,65.8
63,3/27/2018 0:35,65.3
107,3/27/2018 0:40,67.1
91,3/27/2018 0:45,66.9
60,3/27/2018 0:50,67.2
63,3/27/2018 0:55,66.9
55,3/27/2018 1:00,67.5
65,3/27/2018 1:05,67.9
78,3/27/2018 1:10,68.8
64,3/27/2018 1:15,67.7
56,3/27/2018 1:20,68.3
84,3/27/2018 1:25,68.4
35,3/27/2018 1:30,69.5
73,3/27/2018 1:35,68.0
53,3/27/2018 1:40,67.6
54,3/27/2018 1:45,67.6
58,3/27/2018 1:50,66.8
66,3/27/2018 1:55,66.6
60,3/27/2018 2:00,67.5
42,3/27/2018 2:05,66.5
36,3/27/2018 2:10,67.3
68,3/27/2018 2:15,63.7
71,3/27/2018 2:20,64.5
44,3/27/2018 2:25,65.9
46,3/27/2018 2:30,63.7
35,3/27/2018 2:35,66.5
58,3/27/2018 2:40,66.5
34,3/27/2018 2:45,64.5
52,3/27/2018 2:50,66.1
46,3/27/2018 2:55,59.8
63,3/27/2018 3:00,62.7
39,3/27/2018 3:05,66.9
59,3/27/2018 3:10,65.9
60,3/27/2018 3:15,67.4
93,3/27/2018 3:20,66.0
81,3/27/2018 3:25,67.3
68,3/27/2018 3:30,67.2
69,3/27/2018 3:35,66.6
92,3/27/2018 3:40,67.9
81,3/27/2018 3:45,69.2
118,3/27/2018 3:50,68.6
85,3/27/2018 3:55,68.9
96,3/27/2018 4:00,68.4
98,3/27/2018 4:05,68.5
128,3/27/2018 4:10,66.5
130,3/27/2018 4:15,65.3
138,3/27/2018 4:20,66.1
183,3/27/2018 4:25,66.8
185,3/27/2018 4:30,67.7
181,3/27/2018 4:35,62.0
215,3/27/2018 4:40,64.3
236,3/27/2018 4:45,66.1
287,3/27/2018 4:50,66.6
246,3/27/2018 4:55,71.5
298,3/27/2018 5:00,71.3
347,3/27/2018 5:05,68.0
452,3/27/2018 5:10,69.5
440,3/27/2018 5:15,66.4
529,3/27/2018 5:20,66.4
567,3/27/2018 5:25,66.6
563,3/27/2018 5:30,66.0
517,3/27/2018 5:35,64.8
518,3/27/2018 5:40,62.6
531,3/27/2018 5:45,65.9
527,3/27/2018 5:50,66.8
568,3/27/2018 5:55,68.1
487,3/27/2018 6:00,65.3
533,3/27/2018 6:05,64.8
558,3/27/2018 6:10,62.4
511,3/27/2018 6:15,61.2
595,3/27/2018 6:20,61.0
551,3/27/2018 6:25,61.9
559,3/27/2018 6:30,60.2
569,3/27/2018 6:35,59.5
539,3/27/2018 6:40,60.7
581,3/27/2018 6:45,61.3
600,3/27/2018 6:50,61.3
538,3/27/2018 6:55,59.8
554,3/27/2018 7:00,56.3
532,3/27/2018 7:05,50.5
544,3/27/2018 7:10,50.1
591,3/27/2018 7:15,46.4
533,3/27/2018 7:20,41.1
410,3/27/2018 7:25,33.8
581,3/27/2018 7:30,38.5
516,3/27/2018 7:35,36.5
426,3/27/2018 7:40,29.4
476,3/27/2018 7:45,28.7
533,3/27/2018 7:50,31.8
458,3/27/2018 7:55,30.0
534,3/27/2018 8:00,33.5
447,3/27/2018 8:05,31.0
489,3/27/2018 8:10,32.9
471,3/27/2018 8:15,32.4
450,3/27/2018 8:20,33.7
346,3/27/2018 8:25,25.7
475,3/27/2018 8:30,29.0
500,3/27/2018 8:35,34.5
525,3/27/2018 8:40,34.0
501,3/27/2018 8:45,37.7
481,3/27/2018 8:50,36.1
538,3/27/2018 8:55,43.8
533,3/27/2018 9:00,39.1
504,3/27/2018 9:05,37.0
450,3/27/2018 9:10,37.0
501,3/27/2018 9:15,42.8
499,3/27/2018 9:20,37.5
456,3/27/2018 9:25,36.6
553,3/27/2018 9:30,41.0
521,3/27/2018 9:35,41.7
526,3/27/2018 9:40,49.6
463,3/27/2018 9:45,45.7
533,3/27/2018 9:50,47.6
485,3/27/2018 9:55,47.9
524,3/27/2018 10:00,49.4
459,3/27/2018 10:05,50.0
525,3/27/2018 10:10,56.3
506,3/27/2018 10:15,54.9
507,3/27/2018 10:20,52.2
501,3/27/2018 10:25,48.8
544,3/27/2018 10:30,46.0
393,3/27/2018 10:35,38.6
510,3/27/2018 10:40,44.1
501,3/27/2018 10:45,48.4
469,3/27/2018 10:50,46.2
501,3/27/2018 10:55,48.0
481,3/27/2018 11:00,49.7
481,3/27/2018 11:05,50.1
527,3/27/2018 11:10,53.5
484,3/27/2018 11:15,55.8
522,3/27/2018 11:20,57.4
439,3/27/2018 11:25,57.7
459,3/27/2018 11:30,57.3
493,3/27/2018 11:35,59.1
506,3/27/2018 11:40,59.9
465,3/27/2018 11:45,56.1
453,3/27/2018 11:50,56.2
433,3/27/2018 11:55,59.0
433,3/27/2018 12:00,57.7
454,3/27/2018 12:05,56.9
470,3/27/2018 12:10,58.8
486,3/27/2018 12:15,56.0
496,3/27/2018 12:20,55.6
543,3/27/2018 12:25,56.3
534,3/27/2018 12:30,55.6
559,3/27/2018 12:35,57.5
458,3/27/2018 12:40,49.9
494,3/27/2018 12:45,49.1
534,3/27/2018 12:50,54.2
479,3/27/2018 12:55,55.5
537,3/27/2018 13:00,57.5
464,3/27/2018 13:05,58.6
495,3/27/2018 13:10,56.4
539,3/27/2018 13:15,59.9
517,3/27/2018 13:20,58.9
476,3/27/2018 13:25,57.5
480,3/27/2018 13:30,58.3
502,3/27/2018 13:35,59.1
483,3/27/2018 13:40,58.4
513,3/27/2018 13:45,56.8
493,3/27/2018 13:50,56.3
490,3/27/2018 13:55,58.9
510,3/27/2018 14:00,58.8
506,3/27/2018 14:05,58.9
480,3/27/2018 14:10,59.8
542,3/27/2018 14:15,59.8
511,3/27/2018 14:20,61.8
406,3/27/2018 14:25,58.4
507,3/27/2018 14:30,61.7
533,3/27/2018 14:35,63.0
528,3/27/2018 14:40,60.9
513,3/27/2018 14:45,59.3
568,3/27/2018 14:50,61.7
542,3/27/2018 14:55,65.6
560,3/27/2018 15:00,64.4
552,3/27/2018 15:05,64.7
517,3/27/2018 15:10,62.6
496,3/27/2018 15:15,62.7
523,3/27/2018 15:20,61.8
556,3/27/2018 15:25,62.5
486,3/27/2018 15:30,62.7
524,3/27/2018 15:35,63.1
523,3/27/2018 15:40,63.4
541,3/27/2018 15:45,63.1
597,3/27/2018 15:50,63.8
521,3/27/2018 15:55,58.7
555,3/27/2018 16:00,54.6
547,3/27/2018 16:05,54.6
522,3/27/2018 16:10,57.2
493,3/27/2018 16:15,50.9
504,3/27/2018 16:20,46.1
519,3/27/2018 16:25,48.3
465,3/27/2018 16:30,40.1
516,3/27/2018 16:35,40.3
582,3/27/2018 16:40,42.8
534,3/27/2018 16:45,40.6
528,3/27/2018 16:50,43.2
450,3/27/2018 16:55,43.9
582,3/27/2018 17:00,47.3
500,3/27/2018 17:05,46.0
555,3/27/2018 17:10,45.1
539,3/27/2018 17:15,45.0
521,3/27/2018 17:20,40.9
544,3/27/2018 17:25,38.0
526,3/27/2018 17:30,38.5
534,3/27/2018 17:35,52.4
526,3/27/2018 17:40,50.1
511,3/27/2018 17:45,45.1
529,3/27/2018 17:50,46.0
543,3/27/2018 17:55,55.0
513,3/27/2018 18:00,60.2
514,3/27/2018 18:05,60.0
548,3/27/2018 18:10,60.7
512,3/27/2018 18:15,60.1
462,3/27/2018 18:20,59.9
505,3/27/2018 18:25,59.5
506,3/27/2018 18:30,61.2
482,3/27/2018 18:35,61.4
500,3/27/2018 18:40,61.5
486,3/27/2018 18:45,61.2
487,3/27/2018 18:50,62.8
472,3/27/2018 18:55,60.3
423,3/27/2018 19:00,63.2
511,3/27/2018 19:05,61.3
504,3/27/2018 19:10,61.8
451,3/27/2018 19:15,60.8
416,3/27/2018 19:20,63.0
489,3/27/2018 19:25,62.3
427,3/27/2018 19:30,65.2
339,3/27/2018 19:35,65.7
367,3/27/2018 19:40,67.0
392,3/27/2018 19:45,70.3
351,3/27/2018 19:50,70.3
308,3/27/2018 19:55,69.0
375,3/27/2018 20:00,69.3
348,3/27/2018 20:05,68.1
409,3/27/2018 20:10,71.3
322,3/27/2018 20:15,68.7
368,3/27/2018 20:20,68.6
357,3/27/2018 20:25,64.4
330,3/27/2018 20:30,65.4
388,3/27/2018 20:35,62.7
330,3/27/2018 20:40,60.9
397,3/27/2018 20:45,57.9
374,3/27/2018 20:50,59.9
412,3/27/2018 20:55,63.2
354,3/27/2018 21:00,65.7
339,3/27/2018 21:05,63.8
374,3/27/2018 21:10,64.3
378,3/27/2018 21:15,66.9
308,3/27/2018 21:20,64.4
336,3/27/2018 21:25,66.3
314,3/27/2018 21:30,66.2
289,3/27/2018 21:35,66.0
292,3/27/2018 21:40,65.0
287,3/27/2018 21:45,68.3
277,3/27/2018 21:50,66.8
265,3/27/2018 21:55,67.1
239,3/27/2018 22:00,64.9
262,3/27/2018 22:05,68.7
259,3/27/2018 22:10,65.3
236,3/27/2018 22:15,66.1
246,3/27/2018 22:20,67.3
237,3/27/2018 22:25,66.2
203,3/27/2018 22:30,66.6
244,3/27/2018 22:35,64.4
189,3/27/2018 22:40,64.8
232,3/27/2018 22:45,65.6
214,3/27/2018 22:50,68.8
179,3/27/2018 22:55,64.2
187,3/27/2018 23:00,66.6
142,3/27/2018 23:05,66.0
146,3/27/2018 23:10,64.3
101,3/27/2018 23:15,65.1
213,3/27/2018 23:20,61.8
175,3/27/2018 23:25,63.6
126,3/27/2018 23:30,63.9
100,3/27/2018 23:35,64.6
128,3/27/2018 23:40,68.2
80,3/27/2018 23:45,68.1
120,3/27/2018 23:50,68.8
101,3/27/2018 23:55,65.6
117,3/28/2018 0:00,68.7
117,3/28/2018 0:05,64.3
115,3/28/2018 0:10,67.3
110,3/28/2018 0:15,66.3
91,3/28/2018 0:20,67.1
112,3/28/2018 0:25,68.3
90,3/28/2018 0:30,66.6
73,3/28/2018 0:35,66.0
78,3/28/2018 0:40,68.2
77,3/28/2018 0:45,67.8
83,3/28/2018 0:50,62.0
79,3/28/2018 0:55,64.0
54,3/28/2018 1:00,66.5
70,3/28/2018 1:05,65.7
56,3/28/2018 1:10,66.6
45,3/28/2018 1:15,67.4
55,3/28/2018 1:20,68.9
59,3/28/2018 1:25,69.3
35,3/28/2018 1:30,69.8
69,3/28/2018 1:35,69.6
114,3/28/2018 1:40,64.1
69,3/28/2018 1:45,67.5
57,3/28/2018 1:50,67.4
49,3/28/2018 1:55,65.3
47,3/28/2018 2:00,66.8
57,3/28/2018 2:05,65.9
84,3/28/2018 2:10,61.8
36,3/28/2018 2:15,64.9
59,3/28/2018 2:20,64.9
43,3/28/2018 2:25,65.3
71,3/28/2018 2:30,66.3
53,3/28/2018 2:35,64.0
51,3/28/2018 2:40,59.7
70,3/28/2018 2:45,64.5
82,3/28/2018 2:50,63.7
55,3/28/2018 2:55,65.4
55,3/28/2018 3:00,61.6
66,3/28/2018 3:05,60.9
59,3/28/2018 3:10,63.5
68,3/28/2018 3:15,66.3
64,3/28/2018 3:20,66.7
98,3/28/2018 3:25,67.8
59,3/28/2018 3:30,67.7
85,3/28/2018 3:35,68.3
125,3/28/2018 3:40,67.1
128,3/28/2018 3:45,63.9
74,3/28/2018 3:50,64.5
128,3/28/2018 3:55,64.0
117,3/28/2018 4:00,66.1
103,3/28/2018 4:05,67.5
83,3/28/2018 4:10,67.9
124,3/28/2018 4:15,69.4
189,3/28/2018 4:20,70.9
178,3/28/2018 4:25,70.4
224,3/28/2018 4:30,64.5
164,3/28/2018 4:35,71.6
176,3/28/2018 4:40,69.2
213,3/28/2018 4:45,69.5
307,3/28/2018 4:50,66.8
279,3/28/2018 4:55,65.3
316,3/28/2018 5:00,63.7
353,3/28/2018 5:05,65.9
451,3/28/2018 5:10,67.5
434,3/28/2018 5:15,69.4
492,3/28/2018 5:20,68.5
521,3/28/2018 5:25,68.0
558,3/28/2018 5:30,67.8
511,3/28/2018 5:35,66.2
498,3/28/2018 5:40,68.2
493,3/28/2018 5:45,66.4
486,3/28/2018 5:50,67.4
521,3/28/2018 5:55,68.2
483,3/28/2018 6:00,65.9
528,3/28/2018 6:05,65.0
528,3/28/2018 6:10,63.6
590,3/28/2018 6:15,62.5
581,3/28/2018 6:20,61.9
579,3/28/2018 6:25,62.0
510,3/28/2018 6:30,62.2
539,3/28/2018 6:35,57.9
573,3/28/2018 6:40,58.2
534,3/28/2018 6:45,57.7
588,3/28/2018 6:50,56.8
571,3/28/2018 6:55,60.3
544,3/28/2018 7:00,52.9
558,3/28/2018 7:05,52.0
393,3/28/2018 7:10,43.1
469,3/28/2018 7:15,37.9
541,3/28/2018 7:20,40.3
494,3/28/2018 7:25,37.8
529,3/28/2018 7:30,38.6
465,3/28/2018 7:35,36.6
486,3/28/2018 7:40,35.7
427,3/28/2018 7:45,30.6
536,3/28/2018 7:50,33.5
572,3/28/2018 7:55,35.9
543,3/28/2018 8:00,37.9
501,3/28/2018 8:05,36.6
542,3/28/2018 8:10,38.4
550,3/28/2018 8:15,41.0
458,3/28/2018 8:20,32.2
505,3/28/2018 8:25,33.5
427,3/28/2018 8:30,33.4
410,3/28/2018 8:35,34.5
559,3/28/2018 8:40,42.0
558,3/28/2018 8:45,44.6
522,3/28/2018 8:50,46.2
547,3/28/2018 8:55,49.6
507,3/28/2018 9:00,48.5
496,3/28/2018 9:05,51.4
512,3/28/2018 9:10,53.7
508,3/28/2018 9:15,52.0
551,3/28/2018 9:20,49.6
526,3/28/2018 9:25,46.4
527,3/28/2018 9:30,42.2
523,3/28/2018 9:35,42.9
498,3/28/2018 9:40,46.8
508,3/28/2018 9:45,47.6
512,3/28/2018 9:50,50.9
511,3/28/2018 9:55,50.9
482,3/28/2018 10:00,48.4
511,3/28/2018 10:05,50.1
517,3/28/2018 10:10,48.6
580,3/28/2018 10:15,54.6
505,3/28/2018 10:20,46.6
482,3/28/2018 10:25,46.7
447,3/28/2018 10:30,46.1
424,3/28/2018 10:35,45.7
441,3/28/2018 10:40,44.3
477,3/28/2018 10:45,42.3
489,3/28/2018 10:50,47.6
528,3/28/2018 10:55,51.1
502,3/28/2018 11:00,53.2
391,3/28/2018 11:05,55.5
474,3/28/2018 11:10,57.8
470,3/28/2018 11:15,57.8
428,3/28/2018 11:20,61.4
528,3/28/2018 11:25,63.8
458,3/28/2018 11:30,58.6
501,3/28/2018 11:35,57.5
523,3/28/2018 11:40,59.5
450,3/28/2018 11:45,58.7
460,3/28/2018 11:50,50.8
458,3/28/2018 11:55,54.1
506,3/28/2018 12:00,56.4
484,3/28/2018 12:05,56.3
488,3/28/2018 12:10,57.3
465,3/28/2018 12:15,55.3
409,3/28/2018 12:20,59.2
449,3/28/2018 12:25,55.9
589,3/28/2018 12:30,57.8
511,3/28/2018 12:35,56.4
530,3/28/2018 12:40,58.7
458,3/28/2018 12:45,59.0
495,3/28/2018 12:50,60.0
529,3/28/2018 12:55,61.9
478,3/28/2018 13:00,57.5
539,3/28/2018 13:05,58.5
524,3/28/2018 13:10,60.0
428,3/28/2018 13:15,59.5
521,3/28/2018 13:20,56.1
544,3/28/2018 13:25,55.6
544,3/28/2018 13:30,56.5
466,3/28/2018 13:35,54.7
518,3/28/2018 13:40,59.2
502,3/28/2018 13:45,56.0
410,3/28/2018 13:50,55.8
489,3/28/2018 13:55,59.9
528,3/28/2018 14:00,61.6
469,3/28/2018 14:05,59.1
489,3/28/2018 14:10,57.6
480,3/28/2018 14:15,60.6
550,3/28/2018 14:20,61.1
520,3/28/2018 14:25,60.6
564,3/28/2018 14:30,62.1
402,3/28/2018 14:35,56.7
528,3/28/2018 14:40,55.9
563,3/28/2018 14:45,57.6
544,3/28/2018 14:50,59.8
427,3/28/2018 14:55,58.8
569,3/28/2018 15:00,59.1
458,3/28/2018 15:05,57.6
492,3/28/2018 15:10,58.9
537,3/28/2018 15:15,61.7
486,3/28/2018 15:20,57.3
471,3/28/2018 15:25,49.2
433,3/28/2018 15:30,39.2
415,3/28/2018 15:35,32.8
398,3/28/2018 15:40,28.3
397,3/28/2018 15:45,26.0
342,3/28/2018 15:50,23.7
498,3/28/2018 15:55,34.1
534,3/28/2018 16:00,44.7
541,3/28/2018 16:05,54.5
486,3/28/2018 16:10,59.0
562,3/28/2018 16:15,59.7
617,3/28/2018 16:20,60.4
536,3/28/2018 16:25,54.1
440,3/28/2018 16:30,51.0
540,3/28/2018 16:35,53.2
511,3/28/2018 16:40,58.3
433,3/28/2018 16:45,63.6
475,3/28/2018 16:50,64.0
510,3/28/2018 16:55,64.9
537,3/28/2018 17:00,68.6
511,3/28/2018 17:05,66.8
573,3/28/2018 17:10,67.6
513,3/28/2018 17:15,67.1
479,3/28/2018 17:20,66.5
503,3/28/2018 17:25,69.3
455,3/28/2018 17:30,67.3
492,3/28/2018 17:35,66.8
540,3/28/2018 17:40,65.8
540,3/28/2018 17:45,70.7
470,3/28/2018 17:50,66.4
512,3/28/2018 17:55,65.5
475,3/28/2018 18:00,67.4
541,3/28/2018 18:05,66.3
498,3/28/2018 18:10,63.9
489,3/28/2018 18:15,66.1
581,3/28/2018 18:20,65.2
480,3/28/2018 18:25,64.1
471,3/28/2018 18:30,64.8
482,3/28/2018 18:35,65.4
458,3/28/2018 18:40,65.3
488,3/28/2018 18:45,64.0
481,3/28/2018 18:50,64.0
488,3/28/2018 18:55,65.7
435,3/28/2018 19:00,65.6
427,3/28/2018 19:05,63.3
426,3/28/2018 19:10,63.4
467,3/28/2018 19:15,65.3
513,3/28/2018 19:20,64.9
481,3/28/2018 19:25,63.5
487,3/28/2018 19:30,62.3
486,3/28/2018 19:35,62.2
453,3/28/2018 19:40,64.2
449,3/28/2018 19:45,64.0
460,3/28/2018 19:50,64.6
434,3/28/2018 19:55,64.6
423,3/28/2018 20:00,63.6
438,3/28/2018 20:05,66.4
440,3/28/2018 20:10,64.2
455,3/28/2018 20:15,67.1
409,3/28/2018 20:20,69.3
418,3/28/2018 20:25,67.6
362,3/28/2018 20:30,65.4
448,3/28/2018 20:35,67.8
410,3/28/2018 20:40,66.7
366,3/28/2018 20:45,66.4
354,3/28/2018 20:50,67.8
373,3/28/2018 20:55,68.0
351,3/28/2018 21:00,67.6
331,3/28/2018 21:05,67.4
342,3/28/2018 21:10,67.9
337,3/28/2018 21:15,69.2
366,3/28/2018 21:20,67.3
340,3/28/2018 21:25,67.9
372,3/28/2018 21:30,66.0
309,3/28/2018 21:35,66.0
268,3/28/2018 21:40,65.3
333,3/28/2018 21:45,64.7
282,3/28/2018 21:50,69.8
298,3/28/2018 21:55,68.1
233,3/28/2018 22:00,66.7
316,3/28/2018 22:05,70.0
262,3/28/2018 22:10,65.8
274,3/28/2018 22:15,65.3
242,3/28/2018 22:20,70.4
265,3/28/2018 22:25,67.6
210,3/28/2018 22:30,66.5
210,3/28/2018 22:35,67.0
267,3/28/2018 22:40,69.2
219,3/28/2018 22:45,72.2
175,3/28/2018 22:50,70.7
242,3/28/2018 22:55,68.5
184,3/28/2018 23:00,69.9
181,3/28/2018 23:05,68.6
125,3/28/2018 23:10,66.7
237,3/28/2018 23:15,69.0
173,3/28/2018 23:20,66.5
136,3/28/2018 23:25,67.7
131,3/28/2018 23:30,68.6
113,3/28/2018 23:35,66.0
146,3/28/2018 23:40,68.3
127,3/28/2018 23:45,68.8
147,3/28/2018 23:50,71.3
112,3/28/2018 23:55,66.2
114,3/29/2018 0:00,68.6
120,3/29/2018 0:05,69.7
112,3/29/2018 0:10,71.2
124,3/29/2018 0:15,68.6
118,3/29/2018 0:20,67.8
113,3/29/2018 0:25,69.1
85,3/29/2018 0:30,68.9
124,3/29/2018 0:35,68.6
105,3/29/2018 0:40,68.8
110,3/29/2018 0:45,69.1
133,3/29/2018 0:50,70.3
87,3/29/2018 0:55,69.1
