"departure_time" (unix time, UTC), "travel_time" (seconds)
1202496229,1027
1202496587, 799
1202496593, 802
1202496047,1355
1202496487, 930
1202496223,1199
1202496293,1183
1202496205,1274
1202496514, 992
1202496452,1056
1202496465,1065
1202496615, 948
1202496804, 775
1202496561,1026
1202496808, 841
1202496842, 835
1202496635,1047
1202496928, 757
1202496721,1002
1202496690,1050
1202496449,1359
1202496972, 848
1202496899, 928
1202497073, 759
1202496861, 999
1202497065, 836
1202497036, 882
1202496945,1009
1202497215, 748
1202497264, 777
1202497305, 746
1202497334, 718
1202497218, 857
1202496896,1209
1202497326, 856
1202497415, 799
1202497618, 611
1202497454, 780
1202497189,1057
1202497491, 778
1202497472, 803
1202497383, 950
1202497659, 696
1202497827, 548
1202497555, 866
1202497746, 728
1202497935, 550
1202497907, 590
1202497916, 622
1202497975, 567
1202498011, 562
1202497863, 730
1202498044, 556
1202498023, 579
1202498024, 596
1202498008, 620
1202497974, 677
1202498039, 636
1202498183, 539
1202498165, 572
1202498168, 574
1202498255, 518
1202498171, 617
1202497767,1029
1202498159, 651
1202498160, 652
1202498180, 633
1202498124, 693
1202498301, 522
1202498226, 642
1202498184, 687
1202498368, 520
1202498264, 634
1202498202, 711
1202498369, 566
1202498323, 642
1202498446, 531
1202498387, 598
1202498447, 556
1202498489, 525
1202498494, 552
1202498463, 609
1202498379, 718
1202498446, 664
1202498521, 613
1202498629, 514
1202498553, 616
1202498582, 606
1202498592, 639
1202498672, 575
1202498723, 546
1202498712, 577
1202498729, 584
1202498812, 514
1202498843, 495
1202498817, 523
1202498701, 654
1202498861, 537
1202498815, 596
1202498876, 567
1202498869, 579
1202498941, 542
1202498990, 518
1202498975, 568
1202499010, 548
1202499071, 554
1202499083, 567
1202499247, 451
1202499168, 530
1202499170, 551
1202499207, 568
1202499228, 578
1202499269, 538
1202499256, 579
1202499433, 454
1202499363, 550
1202499444, 470
1202499439, 480
1202499368, 552
1202499277, 671
1202499531, 444
1202499428, 570
1202499550, 490
1202499497, 555
1202499602, 452
1202499587, 472
1202499452, 640
1202499606, 528
1202499574, 568
1202499514, 638
1202499628, 537
1202499723, 531
1202499725, 545
1202499785, 488
1202499794, 483
1202499730, 556
1202499797, 533
1202499873, 477
1202499841, 550
1202499863, 531
1202499902, 508
1202499867, 585
1202499984, 476
1202499888, 577
1202499904, 572
1202499893, 585
1202499947, 538
1202500012, 486
1202500018, 493
1202500076, 511
1202500047, 545
1202500160, 465
1202500147, 507
1202500116, 545
1202500184, 479
1202500138, 624
1202500334, 486
1202500277, 546
1202500395, 466
1202500303, 559
1202500278, 619
1202500293, 644
1202500311, 637
1202500396, 582
1202500406, 574
1202500481, 509
1202500519, 571
1202500617, 475
1202500649, 486
1202500706, 433
1202500808, 466
1202500852, 425
1202500730, 557
1202500775, 516
1202500746, 554
1202500860, 482
1202500861, 496
1202500885, 498
1202500945, 440
1202500929, 463
1202500801, 616
1202500962, 508
1202500975, 516
1202500948, 609
1202501107, 465
1202501192, 432
1202501013, 620
1202501095, 560
1202501060, 619
1202501181, 570
1202501199, 566
1202501223, 548
1202501147, 634
1202501285, 504
1202501279, 514
1202501243, 569
1202501163, 667
1202501148, 707
1202501345, 591
1202501445, 498
1202501442, 507
1202501234, 719
1202501430, 529
1202501373, 593
1202501477, 493
1202501427, 550
1202501357, 672
1202501569, 466
1202501646, 477
1202501570, 580
1202501673, 478
1202501651, 539
1202501653, 539
1202501712, 487
1202501636, 576
1202501726, 496
1202501750, 495
1202501734, 538
1202501688, 587
1202501759, 551
1202501627, 694
1202501833, 490
1202501837, 493
1202501673, 667
1202501917, 499
1202501897, 530
1202501748, 707
1202501915, 577
1202501813, 691
1202502048, 511
1202501942, 629
1202501993, 582
1202501908, 710
1202502063, 569
1202501976, 675
1202502012, 670
1202502107, 599
1202501987, 756
1202502216, 584
1202502109, 715
1202502311, 540
1202502167, 761
1202502208, 732
1202502396, 585
1202502454, 574
1202502341, 689
1202502474, 571
1202502417, 687
1202502475, 681
1202502535, 690
1202502649, 581
1202502692, 549
1202502693, 550
1202502701, 554
1202502712, 546
1202502556, 708
1202502704, 583
1202502610, 700
1202502621, 718
1202502823, 547
1202502773, 608
1202502730, 652
1202502885, 542
1202502929, 524
1202502918, 556
1202502929, 556
1202502915, 571
1202502912, 575
1202502785, 730
1202503036, 494
1202502910, 627
1202503052, 511
1202503036, 535
1202503007, 565
1202502936, 658
1202502949, 651
1202503106, 505
1202503120, 550
1202503142, 563
1202503199, 556
1202503207, 553
1202503175, 586
1202503096, 703
1202503189, 659
1202503215, 635
1202503349, 504
1202503320, 543
1202503250, 691
1202503391, 563
1202503412, 550
1202503448, 538
1202503547, 440
1202503550, 438
1202503320, 729
1202503398, 694
1202503626, 470
1202503526, 571
1202503609, 491
1202503546, 556
1202503645, 472
1202503690, 437
1202503576, 562
1202503674, 536
1202503684, 540
1202503743, 489
1202503807, 485
1202503798, 538
1202503918, 438
1202503886, 486
1202503920, 478
1202504169, 475
1202503985, 665
1202504135, 526
1202503988, 677
1202504155, 541
1202504090, 683
1202504220, 591
1202504337, 500
1202504155, 685
1202504338, 512
1202504199, 662
1202504337, 544
1202504412, 503
1202504412, 508
1202504280, 649
1202504404, 536
1202504363, 586
1202504473, 486
1202504494, 473
1202504533, 476
1202504422, 605
1202504459, 592
1202504515, 539
1202504404, 659
1202504472, 603
1202504528, 592
1202504665, 488
1202504608, 552
1202504691, 481
1202504698, 495
1202504700, 498
1202504739, 471
1202504737, 483
1202504654, 588
1202504712, 557
1202504736, 534
1202504726, 547
1202504754, 537
1202504782, 526
1202504800, 512
1202504763, 568
1202504817, 561
1202504885, 499
1202504785, 615
1202504897, 507
1202504923, 516
1202504955, 494
1202504891, 564
1202504975, 486
1202504982, 508
1202504867, 626
1202504984, 517
1202505027, 478
1202505007, 541
1202504948, 624
1202505082, 516
1202504993, 609
1202505076, 542
1202505104, 573
1202505210, 469
1202505127, 563
1202504976, 720
1202505070, 634
1202505149, 561
1202505239, 482
1202505252, 480
1202505167, 570
1202505295, 446
1202505335, 453
1202505163, 632
1202505251, 553
1202505312, 504
1202505331, 492
1202505345, 486
1202505333, 520
1202505249, 635
1202505328, 582
1202505438, 499
1202505428, 526
1202505312, 666
1202505533, 450
1202505361, 653
1202505390, 627
1202505464, 561
1202505596, 509
1202505641, 470
1202505556, 559
1202505660, 477
1202505561, 607
1202505696, 495
1202505693, 499
1202505736, 463
1202505740, 465
1202505678, 540
1202505714, 515
1202505714, 525
1202505756, 503
1202505738, 543
1202505808, 501
1202505736, 587
1202505866, 470
1202505865, 492
1202505799, 585
1202505896, 495
1202505861, 536
1202505928, 483
1202505831, 588
1202505883, 541
1202505880, 549
1202505934, 523
1202505966, 493
1202505992, 470
1202505941, 523
1202505954, 530
1202505968, 519
1202506013, 496
1202506051, 472
1202506036, 491
1202506018, 513
1202506088, 467
1202506107, 458
1202506113, 462
1202506042, 536
1202506098, 490
1202506094, 497
1202506013, 587
1202506035, 594
1202506144, 488
1202506196, 461
1202506022, 641
1202506165, 534
1202506187, 537
1202506238, 503
1202506241, 503
1202506170, 614
1202506240, 557
1202506317, 498
1202506322, 515
1202506283, 568
1202506371, 509
1202506337, 548
1202506288, 606
1202506376, 525
1202506296, 630
1202506418, 509
1202506453, 513
1202506320, 654
1202506373, 605
1202506304, 708
1202506520, 542
1202506460, 629
1202506551, 552
1202506481, 635
1202506486, 638
1202506567, 604
1202506603, 587
1202506722, 548
1202506691, 580
1202506693, 590
1202506701, 603
1202506638, 707
1202506641, 714
1202506815, 549
1202506806, 581
1202506830, 601
1202506827, 609
1202506912, 556
1202506927, 563
1202506863, 640
1202506882, 659
1202507025, 584
1202507079, 549
1202506992, 658
1202507017, 633
1202507018, 651
1202507097, 596
1202507131, 566
1202507079, 631
1202507085, 627
1202507159, 555
1202507141, 602
1202507167, 595
1202507146, 636
1202507248, 548
1202507218, 582
1202507229, 632
1202507192, 678
1202507209, 667
1202507227, 656
1202507268, 617
1202507284, 606
1202507188, 705
1202507331, 580
1202507355, 564
1202507363, 560
1202507335, 595
1202507336, 595
1202507244, 689
1202507294, 642
1202507312, 627
1202507367, 611
1202507366, 625
1202507386, 612
1202507450, 569
1202507438, 585
1202507453, 594
1202507482, 574
1202507561, 600
1202507656, 546
1202507570, 651
1202507595, 642
1202507731, 547
1202507782, 511
1202507786, 539
1202507680, 675
1202507805, 573
1202507816, 582
1202507869, 543
1202507867, 548
1202507843, 577
1202507777, 645
1202507950, 534
1202507953, 552
1202507949, 558
1202507915, 617
1202508016, 538
1202508022, 555
1202508026, 558
1202508049, 552
1202508010, 594
1202508113, 554
1202508132, 572
1202508041, 675
1202508001, 730
1202508136, 599
1202508139, 597
1202508242, 582
1202508119, 733
1202508232, 629
1202508202, 679
1202508246, 650
1202508277, 638
1202508207, 716
1202508312, 668
1202508306, 715
1202508339, 697
1202508451, 590
1202508400, 682
1202508507, 629
1202508580, 562
1202508499, 655
1202508589, 571
1202508606, 584
1202508619, 574
1202508637, 585
1202508585, 639
1202508595, 631
1202508627, 605
1202508680, 675
1202508602, 757
1202508763, 607
1202508637, 734
1202508808, 581
1202508786, 676
1202508837, 627
1202508807, 680
1202508772, 716
1202508812, 679
1202508908, 643
1202508881, 689
1202508936, 644
1202508922, 664
1202508998, 588
1202508935, 655
1202508903, 703
1202508974, 640
1202508955, 662
1202508959, 682
1202509022, 645
1202509067, 613
1202509019, 663
1202508938, 747
1202509078, 630
1202509105, 622
1202509117, 615
1202508946, 805
1202509035, 739
1202509060, 758
1202509095, 725
1202509200, 637
1202509251, 624
1202509148, 755
1202509316, 647
1202509289, 681
1202509167, 834
1202509378, 636
1202509245, 771
1202509386, 636
1202509339, 685
1202509297, 742
1202509330, 709
1202509380, 662
1202509323, 734
1202509388, 699
1202509470, 631
1202509455, 665
1202509516, 641
1202509482, 687
1202509493, 681
1202509473, 708
1202509535, 653
1202509521, 669
1202509358, 837
1202509445, 756
1202509558, 654
1202509560, 656
1202509582, 649
1202509389, 861
1202509380, 874
1202509632, 656
1202509586, 711
1202509523, 811
1202509984, 790
1202510034, 751
1202509970, 859
1202510091, 753
1202510115, 748
1202510122, 742
1202510108, 780
1202510137, 751
1202510192, 731
1202510165, 765
1202510146, 794
1202510155, 801
1202510176, 785
1202510209, 753
1202510331, 668
1202510230, 781
1202510333, 686
1202510155, 886
1202510334, 718
1202510275, 791
1202510276, 815
1202510261, 833
1202510263, 842
1202510265, 853
1202510333, 787
1202510269, 864
1202510395, 750
1202510345, 807
1202510374, 819
1202510413, 811
1202510435, 793
1202510544, 747
1202510545, 747
1202510465, 835
1202510509, 793
1202510458, 855
1202510492, 836
1202510576, 758
1202510494, 842
1202510533, 805
1202510559, 786
1202510521, 829
1202510512, 845
1202510600, 800
1202510564, 838
1202510475, 971
1202510654, 794
1202510602, 851
1202510610, 848
1202510525, 961
1202510661, 851
1202510641, 872
1202510644, 871
1202510662, 859
1202510673, 860
1202510660, 897
1202510731, 848
1202510676, 907
1202510675, 910
1202510786, 802
1202510696, 901
1202511568, 966
1202512092, 946
1202512058, 992
1202512108, 974
1202512352, 739
1202512066,1030
1202512098, 999
1202512138, 993
1202512110,1038
1202512166, 985
1202512149,1021
1202512154,1016
1202512121,1053
1202512447, 731
1202512182,1005
1202512227, 961
1202512195,1015
1202512262, 983
1202512235,1020
1202512212,1044
1202512255,1002
1202512310, 961
1202512278,1021
1202512324, 991
1202512336, 995
1202512555, 792
1202512373, 981
1202512614, 744
1202512511, 879
1202512408, 984
1202512360,1054
1202512399,1021
1202512444,1002
1202512720, 738
1202512398,1072
1202512480, 994
1202512490, 989
1202512460,1021
1202512414,1071
1202512747, 758
1202512475,1045
1202512434,1097
1202512505,1026
1202512551, 995
1202512598, 955
1202512575, 987
1202512553,1015
1202512813, 765
1202512490,1101
1202512587,1008
1202512635, 971
1202512598,1032
1202512606,1026
1202512856, 776
1202512604,1036
1202512535,1121
1202512608,1048
1202512875, 783
1202512614,1046
1202512716, 957
1202512600,1078
1202512618,1066
1202512659,1026
1202512915, 771
1202512723, 979
1202512639,1065
1202512880, 824
1202512670,1049
1202512952, 777
1202512666,1079
1202512719,1033
1202512733,1021
1202512707,1069
1202512648,1131
1202512748,1048
1202512772,1026
1202512716,1094
1202512770,1049
1202512781,1043
1202512755,1077
1202512789,1059
1202512761,1092
1202512899, 955
1202512798,1062
1202513119, 750
1202512774,1096
1202513151, 755
1202512823,1087
1202512855,1061
1202513165, 763
1202512852,1077
1202512833,1100
1202512881,1054
1202513199, 747
1202512857,1113
1202512842,1129
1202512873,1100
1202512964,1012
1202512865,1112
1202512828,1151
1202512892,1106
1202512915,1087
1202513232, 785
1202513048, 993
1202512931,1111
1202513261, 801
1202513002,1100
1202513020,1084
1202513278, 833
1202513006,1110
1202513299, 823
1202512991,1130
1202513268, 856
1202513317, 809
1202513036,1117
1202513032,1131
1202513352, 825
1202513282, 942
1202513416, 811
1202513116,1139
1202513198,1075
1202513231,1049
1202513449, 834
1202513158,1125
1202513301,1030
1202513178,1169
1202513200,1149
1202513351,1001
1202513399, 980
1202513956, 972
1202513848,1091
1202513813,1129
1202513816,1129
1202513846,1100
1202513839,1124
1202513888,1081
1202513838,1132
1202513951,1026
1202513904,1082
1202513877,1110
1202513862,1126
1202513844,1149
1202513886,1116
1202513874,1130
1202513868,1142
1202513840,1177
1202513923,1106
1202513881,1154
1202514315, 731
1202513903,1148
1202513905,1148
1202514337, 723
1202514181, 890
1202513978,1098
1202514383, 702
1202514095,1009
1202513974,1145
1202514113,1013
1202513915,1220
1202514363, 789
1202514347, 805
1202514164, 992
1202513931,1228
1202514172, 987
1202514442, 728
1202514015,1178
1202514519, 707
1202514211,1133
1202514218,1151
1202514216,1155
1202514381, 997
1202514256,1125
1202514350,1035
1202514237,1158
1202514636, 764
1202514298,1113
1202514427, 988
1202514276,1139
1202514227,1190
1202514233,1188
1202514435, 999
1202514427,1049
1202514461,1018
1202514454,1039
1202514750, 752
1202514459,1045
1202514552, 966
1202514541, 983
1202514542, 998
1202514484,1059
1202514536,1014
1202514561,1012
1202514543,1046
1202514559,1040
1202514522,1090
1202514776, 850
1202514651, 983
1202514676, 975
1202514629,1030
1202514593,1072
1202514636,1030
1202514939, 741
1202514933, 752
1202514694, 992
1202514657,1054
1202514970, 745
1202514685,1041
1202514678,1049
1202514790, 946
1202514602,1159
1202514747,1031
1202514656,1129
1202514808, 978
1202514766,1024
1202514710,1083
1202514911, 890
1202514689,1121
1202514832, 978
1202514886, 934
1202514834,1010
1202514845, 999
1202514734,1132
1202514918, 963
1202514937, 949
1202514980, 906
1202514942, 970
1202514813,1106
1202514746,1187
1202514971, 970
1202514755,1191
1202514760,1190
1202514989, 987
1202515010, 981
1202514930,1069
1202514908,1117
1202514999,1036
1202515059,1004
1202515358, 710
1202515065,1010
1202515048,1028
1202515068,1009
1202515031,1049
1202515045,1055
1202515081,1021
1202515084,1024
1202515461, 676
1202515129,1014
1202515466, 683
1202515061,1092
1202515125,1080
1202515081,1131
1202515067,1148
1202515211,1008
1202515133,1118
1202515025,1228
1202515331, 933
1202515177,1089
1202515218,1060
1202515321, 971
1202515250,1051
1202515285,1021
1202515308, 997
1202515254,1067
1202515352, 985
1202515312,1028
1202515399, 942
1202515665, 683
1202515350,1013
1202515680, 697
1202515269,1114
1202515427, 979
1202515369,1047
1202515402,1017
1202515365,1059
1202515422,1003
1202515424,1032
1202515494, 968
1202515398,1074
1202515435,1042
1202515799, 686
1202515463,1031
1202515424,1087
1202515435,1085
1202515507,1022
1202515604, 948
1202515539,1029
1202515552,1021
1202515930, 678
1202515556,1059
1202515939, 684
1202515648,1013
1202515624,1040
1202515651,1057
1202515776, 933
1202515768, 974
1202516092, 670
1202515753,1022
1202515668,1112
1202515711,1080
1202515706,1093
1202515794,1038
1202515719,1117
1202515853, 986
1202516147, 696
1202515754,1108
1202515925, 948
1202515859,1027
1202515855,1037
1202515776,1129
1202515978, 949
1202515861,1081
1202515874,1071
1202515899,1051
1202515854,1100
1202515948,1015
1202515858,1134
1202516245, 747
1202516039, 961
1202516052, 949
1202515871,1135
1202515970,1072
1202516261, 786
1202515974,1075
1202516025,1059
1202516019,1070
1202515988,1103
1202516355, 741
1202516363, 738
1202516060,1062
1202516387, 749
1202516093,1048
1202516096,1049
1202516132,1029
1202516068,1096
1202516231, 962
1202516209, 987
1202516268, 935
1202516177,1031
1202516297, 914
1202516172,1048
1202516226,1004
1202516201,1050
1202516370, 912
1202516568, 748
1202516332, 996
1202516285,1054
1202516305,1046
1202516280,1082
1202516312,1056
1202516310,1082
1202516327,1067
1202516323,1086
1202516338,1076
1202516366,1068
1202516415,1045
1202516438,1031
1202516390,1087
1202516677, 811
1202516485,1028
1202516446,1082
1202516552, 984
1202516460,1078
1202516437,1105
1202516519,1036
1202516573, 989
1202516763, 802
1202516708, 862
1202516480,1092
1202516573,1004
1202516680, 900
1202516605, 983
1202516516,1079
1202516538,1061
1202516623, 979
1202516551,1069
1202516546,1081
1202516621,1015
1202516554,1086
1202516595,1080
1202516646,1060
1202516684,1024
1202516610,1102
1202516700,1028
1202516753, 976
1202516615,1115
1202516700,1041
1202516951, 802
1202516635,1130
1202516653,1119
1202516999, 818
1202516685,1136
1202516801,1037
1202516722,1118
1202517025, 828
1202517039, 829
1202516823,1067
1202516751,1155
1202516774,1154
1202516776,1160
1202516853,1102
1202516811,1160
1202516909,1098
1202516873,1137
1202516898,1120
1202516856,1180
1202517234, 805
1202516948,1092
1202516868,1176
1202517261, 812
1202517264, 818
1202516952,1151
1202516921,1185
1202517304, 804
1202516961,1155
1202517307, 819
1202517035,1099
1202516976,1189
1202516987,1194
1202517317, 887
1202517065,1145
1202517101,1122
1202517150,1095
1202517155,1099
1202517246,1012
1202517204,1059
1202517280, 983
1202517137,1178
1202517160,1156
1202517180,1145
1202517183,1158
1202517270,1080
1202517261,1093
1202517294,1071
1202517270,1109
1202517521, 871
1202517316,1103
1202517563, 859
1202517375,1057
1202517326,1119
1202517321,1127
1202517362,1092
1202517365,1131
1202517390,1114
1202517430,1080
1202517662, 876
1202517692, 856
1202517438,1114
1202517498,1059
1202517549,1028
1202517727, 850
1202517735, 846
1202517525,1057
1202517381,1205
1202517509,1080
1202517536,1073
1202517522,1094
1202517666, 957
1202517569,1056
1202517765, 874
1202517613,1042
1202517697,1012
1202517549,1164
1202517597,1119
1202517837, 882
1202517708,1015
1202517853, 884
1202517688,1051
1202517718,1053
1202517886, 901
1202517778,1018
1202517665,1139
1202517693,1125
1202517730,1105
1202517723,1118
1202517978, 873
1202517994, 870
1202517765,1103
1202517858,1020
1202517695,1194
1202517815,1079
1202517776,1122
1202517815,1108
1202517860,1082
1202518070, 881
1202517879,1087
1202517849,1120
1202517813,1164
1202517901,1076
1202517912,1066
1202518049, 944
1202517928,1073
1202517857,1145
1202517977,1027
1202517929,1085
1202518030, 994
1202518001,1028
1202518048,1005
1202518026,1051
1202517975,1104
1202518000,1105
1202518013,1099
1202518036,1091
1202518101,1085
1202518133,1073
1202518163,1058
1202518148,1090
1202518217,1039
1202518355, 901
1202518329, 931
1202518282,1003
1202518235,1059
1202518273,1023
1202518105,1193
1202518114,1186
1202518137,1188
1202518293,1041
1202518268,1067
1202518238,1098
1202518279,1064
1202518289,1085
1202518330,1053
1202518429, 989
1202518260,1162
1202518450, 976
1202518286,1147
1202518317,1118
1202518338,1120
1202518349,1110
1202518532, 932
1202518437,1044
1202518427,1061
1202518408,1084
1202518508, 987
1202518461,1039
1202518435,1068
1202518424,1086
1202518583, 931
1202518484,1046
1202518460,1080
1202518419,1147
1202518533,1043
1202518560,1042
1202518543,1067
1202518569,1043
1202518684, 943
1202518536,1103
1202518461,1197
1202518581,1084
1202518628,1051
1202518494,1191
1202518500,1189
1202518667,1042
1202518678,1033
1202518776, 936
1202518581,1133
1202518772, 943
1202518754, 982
1202518680,1079
1202496058, 937
1202496133, 914
1202496255, 854
1202496234, 885
1202496320, 921
1202496443, 815
1202496418, 868
1202496021,1268
1202496044,1261
1202496349, 963
1202496338, 986
1202496557, 775
1202496106,1231
1202496450, 908
1202496454, 907
1202496451, 918
1202496105,1265
1202496583, 796
1202496118,1267
1202496542, 843
1202496206,1183
1202496477, 917
1202496213,1187
1202496494, 910
1202496485, 920
1202496038,1372
1202496506, 918
1202496263,1163
1202496616, 815
1202496516, 925
1202496272,1173
1202496553, 898
1202496464, 988
1202496327,1128
1202496549, 908
1202496318,1143
1202496361,1108
1202496566, 920
1202496694, 803
1202496442,1057
1202496444,1057
1202496676, 829
1202496422,1085
1202496468,1054
1202496619, 913
1202496611, 923
1202496706, 830
1202496739, 802
1202496733, 815
1202496506,1046
1202496644, 910
1202496662, 896
1202496578, 990
1202496691, 888
1202496694, 891
1202496707, 880
1202496707, 883
1202496739, 859
1202496754, 869
1202496794, 840
1202496758, 878
1202496876, 771
1202496336,1313
1202496589,1062
1202496909, 743
1202496939, 736
1202496629,1048
1202496860, 820
1202496573,1112
1202496939, 776
1202496873, 843
1202496882, 835
1202496901, 823
1202496902, 825
1202496932, 797
1202496907, 825
1202496871, 863
1202496839, 906
1202496934, 818
1202496659,1101
1202496438,1342
1202496985, 802
1202496984, 813
1202496859, 939
1202497006, 799
1202496921, 890
1202496883, 939
1202497005, 817
1202497043, 806
1202497119, 732
1202497146, 721
1202497081, 791
1202497108, 772
1202497014, 866
1202497103, 778
1202497089, 807
1202497112, 798
1202497113, 798
1202497119, 792
1202497143, 772
1202497152, 768
1202497231, 737
1202497243, 731
1202497211, 770
1202497270, 719
1202497271, 721
1202497274, 719
1202497319, 680
1202497221, 795
1202497343, 683
1202497300, 729
1202497167, 866
1202497312, 724
1202497002,1038
1202497147, 899
1202497350, 703
1202497375, 698
1202497225, 853
1202497240, 841
1202497252, 842
1202497336, 762
1202497413, 686
1202497402, 705
1202497409, 705
1202497293, 827
1202497486, 636
1202496770,1392
1202497489, 689
1202497510, 669
1202497522, 671
1202497554, 643
1202497570, 657
1202497461, 773
1202497583, 662
1202497629, 626
1202497648, 611
1202497634, 639
1202497573, 701
1202497643, 666
1202497646, 670
1202497597, 722
1202497594, 727
1202497654, 670
1202497663, 665
1202497649, 685
1202497638, 702
1202497688, 661
1202497777, 574
1202497681, 678
1202497716, 645
1202497732, 635
1202497730, 640
1202497770, 614
1202497765, 622
1202497816, 574
1202497770, 630
1202497731, 671
1202497801, 603
1202497837, 569
1202497871, 541
1202497791, 624
1202497792, 625
1202497788, 645
1202497914, 527
1202497795, 655
1202497882, 578
1202497921, 548
1202497769, 706
1202497794, 688
1202497854, 638
1202497944, 550
1202497938, 570
1202497908, 621
1202497937, 594
1202497874, 659
1202497947, 586
1202497955, 582
1202497892, 646
1202497986, 564
1202497988, 572
1202497901, 663
1202497984, 601
1202497977, 623
1202497993, 608
1202498006, 610
1202497991, 630
1202498049, 610
1202498054, 620
1202498018, 662
1202498085, 598
1202498105, 587
1202498033, 663
1202498118, 584
1202498102, 603
1202498142, 568
1202498148, 563
1202498138, 574
1202498051, 665
1202498156, 561
1202498130, 590
1202498055, 665
1202498057, 666
1202498156, 572
1202498140, 593
1202498179, 583
1202498180, 582
1202498189, 591
1202498209, 591
1202498216, 589
1202498213, 594
1202498235, 574
1202498180, 631
1202498261, 562
1202498274, 550
1202498289, 544
1202498291, 552
1202498205, 644
1202498318, 543
1202498321, 550
1202498349, 523
1202498372, 502
1202498332, 544
1202498331, 550
1202498284, 606
1202498275, 618
1202498354, 546
1202498360, 560
1202498369, 551
1202498367, 555
1202498387, 537
1202498391, 541
1202498327, 608
1202498366, 570
1202498350, 588
1202498394, 549
1202498381, 575
1202498399, 583
1202500088, 622
1202501222, 465
1202501666, 616
1202502245, 577
1202502266, 575
1202502239, 607
1202502287, 573
1202502289, 577
1202502291, 579
1202502182, 688
1202502187, 686
1202502304, 572
1202502298, 589
1202502330, 576
1202502334, 573
1202502268, 643
1202502347, 569
1202502296, 630
1202502274, 654
1202502193, 737
1202502346, 589
1202502354, 583
1202502242, 696
1202502319, 628
1202502408, 545
1202502337, 618
1202502383, 575
1202502259, 706
1202502385, 589
1202502261, 714
1202502387, 591
1202502324, 668
1202502403, 594
1202502413, 586
1202502432, 572
1202502445, 568
1202502459, 554
1202502430, 585
1202502357, 660
1202502449, 573
1202502457, 567
1202502469, 561
1202502345, 697
1202502477, 573
1202502497, 555
1202502416, 661
1202502514, 571
1202502519, 590
1202502520, 590
1202502530, 609
1202502520, 620
1202502485, 658
1202502602, 551
1202502603, 567
1202502598, 580
1202502581, 603
1202502629, 562
1202502635, 566
1202502655, 551
1202502561, 648
1202502650, 560
1202502573, 655
1202502631, 599
1202502600, 636
1202502643, 598
1202502662, 587
1202502666, 601
1202502601, 675
1202502749, 537
1202502687, 605
1202502678, 620
1202502727, 571
1202502710, 591
1202502751, 552
1202502747, 565
1202502765, 559
1202502776, 558
1202502719, 621
1202502832, 540
1202502802, 577
1202502808, 588
1202502812, 586
1202502823, 578
1202502844, 558
1202502824, 586
1202502789, 622
1202502887, 528
1202502919, 512
1202502791, 645
1202502802, 639
1202502805, 639
1202502833, 613
1202502828, 642
1202502917, 561
1202502782, 696
1202502924, 560
1202502932, 553
1202502849, 638
1202502960, 534
1202502862, 643
1202502997, 513
1202502924, 589
1202502951, 573
1202502957, 569
1202503002, 529
1202502984, 550
1202502979, 557
1202502903, 642
1202502947, 612
1202503018, 543
1202503013, 549
1202502910, 659
1202503042, 533
1202502994, 582
1202503048, 543
1202503054, 537
1202502944, 652
1202503077, 523
1202503112, 500
1202503081, 537
1202503012, 608
1202503030, 594
1202503109, 528
1202503099, 541
1202503113, 537
1202503053, 607
1202503117, 546
1202503104, 571
1202503118, 558
1202503124, 556
1202503120, 576
1202503159, 541
1202503157, 566
1202503170, 557
1202503221, 512
1202503227, 510
1202503197, 543
1202503201, 541
1202503261, 484
1202503082, 665
1202503149, 599
1202503268, 485
1202503155, 603
1202503134, 628
1202503257, 515
1202503232, 548
1202503229, 556
1202503198, 592
1202503261, 529
1202503218, 581
1202503290, 522
1202503289, 530
1202503272, 572
1202503235, 612
1202503368, 480
1202503292, 559
1202503311, 543
1202503329, 526
1202503287, 581
1202503391, 479
1202503363, 524
1202503388, 506
1202503322, 577
1202503407, 499
1202503324, 589
1202503427, 486
1202503428, 489
1202503406, 511
1202503455, 472
1202503454, 481
1202503352, 591
1202503357, 586
1202503355, 591
1202503638, 467
1202504121, 459
1202504016, 582
1202504049, 551
1202504175, 428
1202504134, 473
1202504080, 539
1202504202, 420
1202504211, 418
1202504211, 421
1202504093, 549
1202504186, 461
1202504164, 485
1202504199, 453
1202504200, 455
1202504268, 414
1202504130, 553
1202504234, 457
1202504225, 476
1202504216, 486
1202504215, 488
1202504193, 515
1202504268, 456
1202504198, 536
1202504313, 425
1202504233, 517
1202504319, 437
1202504325, 450
1202504294, 484
1202504315, 464
1202504329, 472
1202504306, 498
1202504318, 490
1202504347, 460
1202504288, 548
1202504376, 476
1202504379, 475
1202504382, 475
1202504395, 464
1202504393, 470
1202504422, 448
1202504420, 462
1202504444, 451
1202504385, 513
1202504488, 417
1202504378, 528
1202504386, 528
1202504443, 474
1202504362, 556
1202504459, 468
1202504466, 468
1202504468, 469
1202504521, 418
1202504522, 419
1202504489, 455
1202504472, 478
1202504483, 469
1202504481, 478
1202504505, 462
1202504498, 472
1202504440, 553
1202504442, 554
1202504448, 548
1202504517, 487
1202504548, 462
1202504471, 553
1202504542, 489
1202504553, 481
1202504581, 458
1202504496, 544
1202504589, 461
1202504468, 582
1202504509, 544
1202504538, 527
1202504488, 582
1202504609, 468
1202504621, 460
1202504572, 510
1202504596, 490
1202504669, 419
1202504604, 487
1202504644, 447
1202504630, 463
1202504656, 449
1202504552, 556
1202504681, 430
1202505058, 464
1202505121, 418
1202505099, 450
1202505073, 479
1202505044, 520
1202505119, 450
1202505031, 539
1202505037, 535
1202505104, 470
1202505139, 449
1202505160, 429
1202505154, 442
1202505160, 439
1202505217, 395
1202505101, 516
1202505174, 447
1202505209, 420
1202505172, 459
1202505111, 525
1202505204, 433
1202505228, 420
1202505262, 394
1202505208, 451
1202505115, 548
1202505231, 434
1202505147, 520
1202505152, 519
1202505207, 469
1202505153, 524
1202505258, 419
1202505291, 388
1202505278, 401
1202505202, 483
1202505273, 417
1202505317, 387
1202505264, 448
1202505269, 444
1202505290, 428
1202505355, 374
1202505212, 527
1202505202, 546
1202505299, 455
1202505264, 507
1202505325, 452
1202505364, 416
1202505406, 376
1202505327, 467
1202505375, 432
1202505373, 437
1202505392, 438
1202505338, 492
1202505456, 384
1202505413, 434
1202505444, 407
1202505430, 438
1202505409, 465
1202505442, 436
1202505482, 400
1202505386, 498
1202505421, 466
1202505463, 428
1202505408, 488
1202505455, 449
1202505469, 435
1202505477, 443
1202505496, 442
1202505506, 432
1202505510, 446
1202505515, 453
1202505484, 490
1202505529, 448
1202505471, 506
1202505557, 422
1202505499, 484
1202505575, 442
1202505582, 445
1202505629, 400
1202505586, 445
1202505573, 463
1202505603, 442
1202505618, 433
1202505634, 440
1202505634, 474
1202505660, 451
1202505662, 451
1202505675, 462
1202505648, 496
1202505650, 499
1202505655, 502
1202505717, 442
1202505972, 492
1202505978, 495
1202505959, 519
1202505974, 506
1202506035, 450
1202506058, 428
1202506049, 446
1202506066, 430
1202505999, 498
1202506000, 506
1202506060, 452
1202506029, 484
1202506104, 418
1202506057, 466
1202506092, 431
1202506091, 436
1202506150, 399
1202506116, 439
1202506109, 447
1202506115, 443
1202506118, 446
1202506051, 523
1202506138, 438
1202506047, 530
1202506077, 501
1202506101, 480
1202506154, 441
1202506078, 524
1202506175, 427
1202506107, 498
1202506093, 514
1202506115, 500
1202506159, 456
1202506159, 459
1202506201, 427
1202506130, 499
1202506203, 426
1202506203, 429
1202506188, 458
1202506208, 440
1202506207, 461
1202506209, 460
1202506211, 458
1202506211, 460
1202506191, 481
1202506169, 505
1202506105, 574
1202506214, 468
1202506163, 527
1202506174, 526
1202506146, 562
1202506242, 475
1202506200, 524
1202506255, 485
1202506235, 529
1202506237, 528
1202506278, 486
1202506300, 466
1202506295, 473
1202506241, 531
1202506310, 465
1202506324, 458
1202506310, 475
1202506288, 498
1202506318, 473
1202506319, 491
1202506332, 492
1202506342, 484
1202506335, 491
1202506387, 442
1202506404, 427
1202506369, 465
1202506408, 430
1202506290, 556
1202506363, 490
1202506282, 581
1202506311, 557
1202506366, 518
1202506410, 475
1202506424, 475
1202506439, 468
1202506447, 463
1202506310, 603
1202506436, 496
1202506484, 452
1202506487, 450
1202506476, 463
1202506390, 553
1202506432, 537
1202506471, 506
1202506492, 486
1202506477, 501
1202506472, 511
1202506515, 482
1202506434, 570
1202506445, 560
1202506474, 532
1202506450, 558
1202506458, 565
1202506481, 549
1202506515, 515
1202506526, 507
1202506507, 528
1202506523, 523
1202506526, 521
1202506513, 540
1202506548, 511
1202506575, 487
1202506579, 487
1202506570, 512
1202506580, 510
1202506550, 540
1202506592, 507
1202506602, 499
1202506593, 509
1202506595, 509
1202506569, 538
1202506608, 506
1202506625, 493
1202506552, 567
1202506610, 513
1202506571, 552
1202506607, 522
1202506578, 553
1202506617, 524
1202506665, 480
1202506665, 495
1202506650, 516
1202506691, 476
1202506675, 509
1202506712, 479
1202506711, 481
1202506653, 541
1202506611, 593
1202506623, 587
1202506662, 554
1202506667, 554
1202506685, 538
1202506695, 529
1202506685, 540
1202506697, 535
1202506702, 530
1202506706, 527
1202506708, 530
1202506709, 531
1202506722, 521
1202506645, 599
1202506724, 521
1202506721, 525
1202506671, 579
1202506687, 566
1202506697, 563
1202506756, 505
1202506714, 553
1202506731, 537
1202506764, 512
1202506731, 549
1202506747, 535
1202506773, 509
1202506767, 534
1202506769, 534
1202506760, 545
1202506782, 525
1202506784, 524
1202506753, 579
1202506756, 578
1202506814, 525
1202506877, 474
1202506795, 559
1202506766, 589
1202506773, 584
1202506818, 542
1202506825, 537
1202506823, 541
1202506827, 539
1202506769, 601
1202506784, 590
1202506884, 493
1202506793, 591
1202506829, 555
1202506857, 529
1202506873, 519
1202506874, 525
1202506890, 514
1202506877, 536
1202506881, 534
1202506883, 534
1202506861, 557
1202506900, 527
1202506941, 489
1202506913, 518
1202506936, 500
1202506910, 537
1202506911, 539
1202506916, 537
1202506889, 567
1202506944, 523
1202506951, 518
1202506894, 579
1202506932, 542
1202506966, 511
1202506960, 521
1202506965, 517
1202506971, 518
1202507001, 491
1202506914, 582
1202506991, 519
1202507005, 507
1202506945, 572
1202506982, 536
1202506968, 553
1202507025, 495
1202506997, 525
1202507002, 522
1202507031, 495
1202507002, 535
1202506994, 544
1202507017, 529
1202507022, 528
1202507023, 529
1202507039, 527
1202507036, 534
1202507055, 524
1202507080, 499
1202507044, 552
1202506999, 600
1202507062, 537
1202507080, 540
1202507098, 524
1202507089, 546
1202507073, 565
1202507085, 553
1202507087, 553
1202507089, 556
1202507099, 551
1202507107, 548
1202507114, 542
1202507142, 516
1202507118, 544
1202507115, 549
1202507140, 531
1202507121, 553
1202507110, 578
1202507172, 522
1202507173, 528
1202507155, 554
1202507156, 555
1202507112, 610
1202507164, 559
1202507156, 573
1202507200, 530
1202507187, 544
1202507172, 563
1202507191, 553
1202507193, 555
1202507246, 513
1202507121, 644
1202507116, 651
1202507257, 512
1202507143, 627
1202507252, 525
1202507247, 543
1202507205, 587
1202507226, 571
1202507244, 556
1202507231, 576
1202507233, 577
1202507231, 582
1202507242, 573
1202507251, 566
1202507202, 616
1202507281, 540
1202507300, 523
1202507298, 527
1202507266, 566
1202507274, 564
1202507219, 621
1202507285, 556
1202507330, 513
1202507279, 567
1202507287, 561
1202507291, 559
1202507302, 550
1202507311, 547
1202507318, 550
1202507329, 546
1202507327, 549
1202507328, 549
1202507267, 611
1202507337, 542
1202507250, 630
1202507271, 613
1202507277, 608
1202507342, 555
1202507318, 583
1202507338, 572
1202507359, 558
1202507358, 563
1202507360, 562
1202507392, 535
1202507362, 565
1202507385, 548
1202507379, 559
1202507411, 540
1202507378, 587
1202507450, 523
1202507465, 510
1202507444, 536
1202507361, 626
1202507369, 623
1202507467, 527
1202507507, 502
1202507362, 652
1202507512, 509
1202507426, 615
1202507513, 533
1202507541, 508
1202507515, 539
1202507492, 564
1202507517, 540
1202507461, 616
1202507533, 552
1202507543, 551
1202507537, 561
1202507539, 564
1202507565, 551
1202507630, 519
1202507592, 563
1202507599, 558
1202507611, 553
1202507581, 584
1202507596, 574
1202507596, 576
1202507636, 555
1202507651, 555
1202507665, 542
1202507708, 511
1202507681, 543
1202507685, 547
1202507698, 540
1202507743, 506
1202507732, 532
1202507721, 546
1202507739, 531
1202507732, 541
1202507744, 533
1202507737, 543
1202507688, 599
1202507744, 546
1202507724, 567
1202507674, 620
1202507761, 535
1202507752, 546
1202507754, 544
1202507766, 544
1202507717, 594
1202507818, 511
1202507739, 598
1202507794, 544
1202507811, 529
1202507785, 561
1202507804, 544
1202507802, 547
1202507747, 605
1202507676, 677
1202507789, 570
1202507799, 574
1202507802, 577
1202507751, 629
1202507813, 570
1202507791, 593
1202507832, 557
1202507855, 535
1202507783, 611
1202507825, 576
1202507868, 536
1202507839, 568
1202507775, 636
1202507845, 569
1202507797, 620
1202507847, 572
1202507882, 542
1202507854, 573
1202507855, 575
1202507840, 593
1202507921, 521
1202507866, 577
1202507858, 590
1202507868, 582
1202507878, 574
1202507880, 583
1202507899, 563
1202507853, 624
1202507939, 543
1202507947, 537
1202507925, 563
1202507934, 555
1202507926, 566
1202507942, 563
1202507959, 553
1202508001, 512
1202507991, 533
1202508002, 527
1202507911, 621
1202507915, 619
1202508006, 527
1202507920, 633
1202507945, 616
1202507930, 640
1202507925, 648
1202508011, 562
1202507943, 635
1202507963, 616
1202508019, 562
1202508060, 532
1202508049, 543
1202508032, 563
1202507963, 632
1202508040, 555
1202508047, 550
1202508060, 539
1202508046, 554
1202508057, 548
1202508035, 575
1202508043, 570
1202508077, 536
1202507995, 631
1202508028, 599
1202508011, 636
1202508108, 543
1202508091, 564
1202508069, 594
1202508073, 592
1202508119, 547
1202508127, 542
1202508058, 632
1202508085, 610
1202508071, 624
1202508004, 703
1202508114, 597
1202508048, 667
1202508053, 663
1202508141, 575
1202508110, 607
1202508123, 594
1202508123, 595
1202508152, 568
1202508057, 668
1202508150, 587
1202508171, 568
1202508171, 577
1202508135, 614
1202508193, 558
1202508164, 595
1202508163, 599
1202508162, 602
1202508210, 560
1202508177, 596
1202508194, 599
1202508194, 616
1202508172, 642
1202508205, 609
1202508206, 609
1202508208, 610
1202508201, 624
1202508218, 608
1202508240, 586
1202508222, 605
1202508231, 601
1202508182, 651
1202508238, 595
1202508210, 626
1202508256, 586
1202508259, 585
1202508219, 630
1202508301, 550
1202508250, 604
1202508268, 588
1202508241, 616
1202508269, 591
1202508279, 584
1202508253, 623
1202508305, 574
1202508288, 599
1202508232, 656
1202508277, 614
1202508299, 601
1202508312, 591
1202508316, 591
1202508316, 591
1202508295, 614
1202508280, 632
1202508335, 579
1202508340, 575
1202508329, 611
1202508336, 605
1202508343, 610
1202508311, 643
1202508369, 597
1202508352, 617
1202508359, 614
1202508369, 605
1202508334, 642
1202508393, 583
1202508404, 591
1202508302, 702
1202508372, 634
1202508445, 562
1202508381, 628
1202508401, 612
1202508458, 557
1202508329, 695
1202508365, 670
1202508445, 592
1202508446, 596
1202508474, 571
1202508482, 568
1202508423, 631
1202508432, 626
1202508454, 605
1202508455, 605
1202508464, 601
1202508471, 595
1202508467, 600
1202508473, 595
1202508435, 634
1202508476, 594
1202508496, 578
1202508481, 597
1202508483, 596
1202508493, 588
1202508379, 703
1202508381, 704
1202508469, 623
1202508465, 631
1202508527, 570
1202508472, 630
1202508522, 585
1202508527, 583
1202508538, 574
1202508533, 586
1202508530, 590
1202508553, 572
1202508551, 576
1202508487, 640
1202508482, 653
1202508546, 589
1202508574, 562
1202508480, 656
1202508544, 610
1202508540, 619
1202508519, 649
1202508568, 601
1202508475, 696
1202508561, 614
1202508579, 598
1202508592, 591
1202508593, 592
1202508581, 606
1202508609, 583
1202508628, 566
1202508629, 582
1202508565, 649
1202508610, 605
1202508587, 628
1202508598, 634
1202508653, 597
1202508651, 600
1202508612, 662
1202508653, 622
1202508689, 590
1202508616, 673
1202508618, 673
1202508668, 624
1202508670, 627
1202508652, 651
1202508673, 633
1202508680, 630
1202508636, 675
1202508692, 623
1202508695, 621
1202508624, 693
1202508721, 601
1202508727, 599
1202508706, 623
1202508729, 604
1202508730, 604
1202508707, 631
1202508736, 610
1202508753, 600
1202508709, 645
1202508755, 601
1202508762, 596
1202508664, 694
1202508754, 605
1202508701, 663
1202508770, 597
1202508672, 714
1202508826, 560
1202508770, 621
1202508791, 620
1202508794, 625
1202508735, 685
1202508757, 664
1202508766, 658
1202508803, 632
1202508809, 628
1202508789, 657
1202508826, 619
1202508791, 656
1202508850, 600
1202508776, 677
1202508854, 605
1202508836, 628
1202508770, 694
1202508852, 613
1202508853, 613
1202508891, 576
1202508921, 548
1202508859, 613
1202508887, 591
1202508882, 606
1202508905, 588
1202508888, 609
1202508840, 661
1202508891, 616
1202508906, 603
1202508896, 630
1202508912, 614
1202508910, 629
1202508852, 689
1202508899, 646
1202508825, 722
1202508832, 717
1202508853, 697
1202508903, 652
1202508917, 640
1202508912, 658
1202508899, 671
1202508930, 644
1202508933, 644
1202508937, 644
1202508939, 645
1202508943, 651
1202508911, 685
1202509023, 583
1202508948, 667
1202508955, 661
1202508921, 699
1202508965, 657
1202508971, 654
1202509045, 585
1202508989, 642
1202508998, 640
1202508937, 717
1202508997, 661
1202509009, 654
1202508981, 685
1202509002, 666
1202509011, 660
1202509032, 642
1202508948, 727
1202509037, 647
1202509069, 621
1202509041, 651
1202509074, 620
1202509098, 611
1202509034, 676
1202509103, 608
1202509104, 609
1202509015, 699
1202509022, 692
1202509102, 620
1202509073, 652
1202509130, 600
1202509115, 618
1202509118, 625
1202509054, 690
1202509151, 614
1202509077, 696
1202509136, 638
1202509138, 641
1202509152, 632
1202509143, 650
1202509149, 649
1202509163, 643
1202509167, 639
1202509191, 618
1202509192, 622
1202509170, 647
1202509171, 647
1202509202, 632
1202509187, 653
1202509192, 654
1202509208, 641
1202509217, 634
1202509221, 636
1202509232, 640
1202509271, 603
1202509247, 631
1202509242, 644
1202509252, 648
1202509253, 648
1202509254, 651
1202509241, 673
1202509266, 649
1202509279, 646
1202509202, 730
1202509234, 715
1202509265, 686
1202509310, 644
1202509304, 664
1202509269, 701
1202509242, 731
1202509317, 656
1202509330, 649
1202509277, 705
1202509298, 688
1202509300, 690
1202509334, 660
1202509336, 670
1202509377, 744
1202509380, 747
1202509437, 692
1202509496, 635
1202509469, 674
1202509473, 672
1202509474, 672
1202509478, 672
1202509464, 695
1202509444, 718
1202509488, 677
1202509494, 678
1202509527, 647
1202509532, 643
1202509539, 639
1202509523, 662
1202509538, 672
1202509579, 646
1202509557, 670
1202509571, 660
1202509471, 788
1202509466, 798
1202509592, 673
1202509433, 842
1202509589, 690
1202509598, 686
1202509310, 977
1202509603, 689
1202509615, 684
1202509613, 690
1202509609, 696
1202509679, 653
1202509611, 728
1202509627, 713
1202509634, 708
1202509664, 681
1202509624, 727
1202509632, 723
1202509704, 652
1202509644, 716
1202509644, 716
1202509667, 698
1202509638, 728
1202509651, 716
1202509621, 751
1202509660, 718
1202509670, 725
1202509630, 778
1202509651, 759
1202509707, 712
1202509723, 699
1202509722, 705
1202509663, 768
1202509727, 705
1202509730, 704
1202509736, 700
1202509742, 697
1202509747, 696
1202509748, 696
1202509696, 774
1202509759, 717
1202509777, 714
1202509696, 798
1202509756, 748
1202509769, 744
1202509781, 736
1202509877, 641
1202509783, 741
1202509807, 729
1202509819, 719
1202509746, 803
1202509779, 779
1202509847, 720
1202509848, 727
1202509849, 727
1202509878, 710
1202509864, 736
1202509886, 717
1202509898, 713
1202509873, 741
1202509881, 739
1202509880, 742
1202509920, 714
1202509798, 847
1202509946, 699
1202509943, 715
1202509960, 699
1202509923, 738
1202509970, 699
1202509969, 701
1202509985, 685
1202509922, 753
1202509990, 698
1202509951, 742
1202509898, 809
1202509958, 754
1202509968, 776
1202509987, 762
1202509984, 772
1202509948, 829
1202510026, 755
1202510014, 771
1202510019, 776
1202510024, 772
1202510039, 764
1202510072, 732
1202510025, 785
1202509990, 822
1202510052, 768
1202510048, 780
1202510110, 721
1202510008, 825
1202510108, 727
1202510116, 726
1202510070, 778
1202510109, 744
1202510106, 747
1202510155, 699
1202510139, 727
1202510127, 740
1202510021, 855
1202510147, 732
1202510137, 760
1202510144, 754
1202510132, 769
1202510194, 708
1202510141, 763
1202510145, 761
1202510146, 766
1202510163, 755
1202510155, 765
1202510235, 690
1202510166, 760
1202510191, 758
1202510176, 782
1202510204, 758
1202510206, 759
1202510188, 783
1202510278, 739
1202510251, 770
1202510261, 767
1202510390, 647
1202510337, 701
1202510284, 754
1202510314, 739
1202510300, 755
1202510270, 787
1202510324, 736
1202510312, 748
1202510291, 770
1202510288, 778
1202510322, 745
1202510326, 752
1202510339, 746
1202510343, 744
1202510362, 757
1202510351, 777
1202510349, 796
1202510361, 787
1202510357, 795
1202510359, 795
1202510425, 730
1202510424, 748
1202510375, 799
1202510387, 801
1202510389, 799
1202510409, 789
1202510408, 791
1202510420, 780
1202510415, 788
1202510462, 742
1202510354, 852
1202510423, 793
1202510422, 799
1202510333, 893
1202510468, 766
1202510456, 779
1202510518, 717
1202510430, 813
1202510430, 815
1202510408, 838
1202510434, 812
1202510435, 815
1202510515, 739
1202510429, 826
1202510450, 813
1202510536, 727
1202510445, 822
1202510452, 817
1202510361, 911
1202510453, 820
1202510460, 815
1202510474, 802
1202510540, 738
1202510478, 801
1202510489, 795
1202510448, 840
1202510438, 855
1202510480, 829
1202510456, 859
1202510505, 812
1202510482, 837
1202510467, 853
1202510465, 858
1202510507, 817
1202510482, 843
1202510514, 815
1202510493, 839
1202510495, 840
1202510509, 831
1202510530, 817
1202510536, 815
1202510557, 800
1202510547, 820
1202510511, 857
1202510549, 829
1202510524, 856
1202510567, 818
1202510558, 830
1202510540, 852
1202510550, 842
1202510536, 861
1202510580, 819
1202510586, 814
1202510623, 782
1202510599, 816
1202510578, 844
1202510566, 858
1202510610, 824
1202510589, 851
1202510589, 856
1202510596, 853
1202510630, 823
1202510603, 858
1202510626, 836
1202510654, 812
1202510487, 985
1202510616, 856
1202510592, 881
1202510618, 860
1202510627, 852
1202510601, 884
1202510631, 855
1202510699, 798
1202510649, 855
1202510653, 852
1202510652, 855
1202510650, 861
1202510657, 858
1202510656, 860
1202510660, 864
1202510659, 866
1202510674, 852
1202510663, 864
1202510660, 869
1202510676, 856
1202510706, 833
1202510710, 830
1202510678, 867
1202510616, 936
1202510693, 880
1202510677, 913
1202510695, 896
1202510730, 863
1202510733, 862
1202510745, 856
1202510781, 841
1202510730, 900
1202510734, 906
1202510710, 934
1202510678, 968
1202510763, 885
1202510735, 920
1202510723, 937
1202510832, 833
1202510844, 826
1202510811, 861
1202510769, 917
1202510725, 963
1202510849, 841
1202510780, 918
1202510792, 915
1202510774, 938
1202510886, 840
1202510812, 917
1202510825, 905
1202510777, 953
1202510865, 866
1202510837, 896
1202510842, 893
1202510784, 961
1202510790, 958
1202510825, 924
1202510808, 948
1202510805, 951
1202510829, 929
1202510841, 917
1202510844, 920
1202510847, 917
1202510914, 852
1202510868, 906
1202510911, 872
1202510891, 894
1202510861, 928
1202510864, 927
1202510859, 938
1202510866, 932
1202510983, 819
1202510856, 947
1202510875, 931
1202510897, 912
1202510890, 926
1202510879, 939
1202510993, 827
1202510891, 933
1202510962, 864
1202511000, 829
1202510914, 922
1202510916, 920
1202510899, 939
1202510972, 870
1202510934, 922
1202510938, 927
1202510944, 932
1202510956, 922
1202510995, 907
1202510953, 952
1202510962, 946
1202510934, 984
1202510995, 923
1202511025, 895
1202510964, 970
1202510987, 949
1202510985, 957
1202511005, 945
1202511003, 949
1202510991, 962
1202511064, 894
1202511013, 947
1202510992, 975
1202510998, 969
1202511000, 972
1202511017, 958
1202511024, 959
1202511040, 950
1202511052, 940
1202511062, 934
1202511026, 973
1202511122, 880
1202511048, 959
1202511083, 925
1202511066, 944
1202511099, 918
1202511080, 945
1202511125, 907
1202511107, 931
1202511155, 889
1202511110, 938
1202511135, 916
1202511116, 937
1202511120, 944
1202511246, 822
1202511137, 944
1202511142, 945
1202511176, 915
1202511100, 999
1202511251, 855
1202511195, 913
1202511266, 846
1202511155, 971
1202511153, 974
1202511161, 969
1202511141, 992
1202511159, 975
1202511192, 943
1202511171, 964
1202511269, 867
1202511180, 966
1202511201, 949
1202511253, 905
1202511218, 955
1202511241, 937
1202511279, 908
1202511220, 969
1202511234, 960
1202511361, 860
1202511232, 989
1202511241, 983
1202511249, 976
1202511207,1023
1202511244, 989
1202511242, 995
1202511273, 970
1202511316, 928
1202511235,1012
1202511277, 979
1202511283, 975
1202511288, 978
1202511302, 975
1202511326, 954
1202511302, 980
1202511329, 954
1202511304, 981
1202511307, 986
1202511316, 978
1202511339, 960
1202511248,1059
1202511310,1001
1202511312,1001
1202511485, 927
1202511482, 936
1202511485, 939
1202511487, 938
1202511498, 943
1202511494, 960
1202511552, 907
1202511527, 934
1202511467, 999
1202511572, 894
1202511531, 938
1202511533, 939
1202511539, 933
1202511498, 978
1202511539, 940
1202511541, 943
1202511545, 942
1202511547, 942
1202511508, 987
1202511665, 832
1202511559, 940
1202511572, 931
1202511535, 972
1202511582, 929
1202511585, 929
1202511589, 925
1202511597, 920
1202511602, 917
1202511617, 904
1202511782, 740
1202511558, 972
1202511615, 919
1202511574, 961
1202511672, 866
1202511617, 922
1202511625, 919
1202511624, 923
1202511630, 919
1202511632, 919
1202511591, 960
1202511641, 913
1202511643, 920
1202511634, 929
1202511647, 925
1202511710, 867
1202511650, 928
1202511594, 985
1202511589, 996
1202511659, 939
1202511886, 719
1202511670, 942
1202511676, 936
1202511668, 947
1202511689, 929
1202511690, 937
1202511638, 993
1202511696, 939
1202511777, 863
1202511719, 923
1202511702, 950
1202511732, 922
1202511756, 903
1202511711, 949
1202511721, 940
1202511748, 916
1202511721, 947
1202511662,1013
1202511706, 971
1202511696, 983
1202511737, 945
1202511741, 942
1202511750, 936
1202511709, 986
1202511758, 941
1202511713, 987
1202511849, 854
1202511739, 969
1202511767, 943
1202511761, 949
1202511849, 864
1202511770, 947
1202511753, 976
1202511780, 954
1202511779, 957
1202512043, 694
1202511795, 953
1202511902, 851
1202512061, 700
1202511858, 922
1202511816, 967
1202511824, 964
1202511827, 963
1202511841, 950
1202511845, 950
1202511856, 945
1202511858, 944
1202511868, 943
1202511865, 951
1202511869, 949
1202511885, 937
1202511902, 923
1202511880, 947
1202511905, 929
1202511885, 950
1202511895, 946
1202511900, 944
1202512153, 695
1202511917, 947
1202511898, 972
1202511922, 951
1202511921, 953
1202511920, 963
1202511929, 957
1202511926, 969
1202511969, 929
1202511932, 968
1202511931, 970
1202512008, 893
1202511936, 968
1202511996, 910
1202512049, 859
1202511961, 951
1202511937, 977
1202511944, 975
1202511980, 941
1202511915,1009
1202511946, 979
1202511994, 940
1202511991, 947
1202512027, 912
1202512046, 899
1202512024, 929
1202512084, 871
1202511956,1001
1202512036, 921
1202512046, 913
1202511962, 998
1202512021, 945
1202511984, 987
1202511982, 992
1202511991, 987
1202512068, 913
1202512006, 977
1202511997, 990
1202512289, 715
1202512015, 989
1202512305, 703
1202512039, 969
1202512089, 930
1202512037, 983
1202512063, 960
1202512087, 939
1202512044, 983
1202512140, 903
1202512344, 703
1202512097, 967
1202512111, 968
1202512073,1008
1202512151, 942
1202512079,1014
1202512083,1011
1202512182, 912
1202512088,1022
1202512090,1022
1202512098,1017
1202512093,1026
1202512123, 996
1202512220, 899
1202512097,1025
1202512156, 969
1202512143, 995
1202512107,1032
1202512145, 995
1202512149, 994
1202512134,1013
1202512129,1019
1202512132,1017
1202512136,1013
1202512252, 900
1202512218, 935
1202512143,1014
1202512161,1000
1202512149,1016
1202512153,1014
1202512167,1002
1202512176, 994
1202512199, 971
1202512190, 986
1202512162,1015
1202512187, 993
1202512177,1006
1202512233, 957
1202512175,1015
1202512179,1018
1202512181,1023
1202512184,1021
1202512186,1021
1202512466, 744
1202512197,1016
1202512191,1024
1202512253, 967
1202512220,1008
1202512227,1002
1202512233,1001
1202512236,1000
1202512238,1000
1202512243, 997
1202512230,1017
1202512512, 736
1202512302, 952
1202512248,1009
1202512252,1010
1202512268, 995
1202512295, 969
1202512255,1012
1202512259,1010
1202512268,1003
1202512264,1008
1202512273,1006
1202512267,1022
1202512276,1021
1202512283,1017
1202512394, 907
1202512279,1026
1202512313, 993
1202512299,1012
1202512297,1021
1202512301,1019
1202512303,1019
1202512306,1018
1202512308,1018
1202512310,1018
1202512347, 990
1202512316,1024
1202512324,1017
1202512326,1016
1202512341,1004
1202512342,1008
1202512332,1022
1202512390, 964
1202512475, 888
1202512388, 979
1202512354,1014
1202512368,1002
1202512363,1010
1202512371,1009
1202512367,1021
1202512380,1010
1202512412, 982
1202512410, 986
1202512376,1026
1202512386,1017
1202512399,1006
1202512398,1016
1202512405,1018
1202512486, 940
1202512407,1023
1202512373,1064
1202512415,1033
1202512403,1047
1202512416,1035
1202512437,1018
1202512454,1003
1202512432,1046
1202512431,1060
1202512427,1072
1202512451,1049
1202512430,1070
1202512455,1047
1202512497,1006
1202512470,1036
1202512522, 984
1202512513, 996
1202512499,1012
1202512504,1014
1202512573, 946
1202512516,1009
1202512519,1009
1202512486,1042
1202512514,1018
1202512510,1029
1202512523,1017
1202512557, 986
1202512509,1036
1202512527,1020
1202512529,1019
1202512577, 978
1202512492,1067
1202512545,1016
1202512549,1013
1202512560,1004
1202512559,1010
1202512564,1005
1202512566,1005
1202512572,1016
1202512577,1011
1202512580,1012
1202512581,1012
1202512569,1030
1202512604, 997
1202512584,1018
1202512585,1018
1202512594,1018
1202512676, 937
1202512596,1030
1202512646, 982
1202512694, 936
1202512593,1039
1202512651, 983
1202512713, 921
1202512626,1012
1202512630,1012
1202512611,1041
1202512614,1039
1202512641,1014
1202512659,1016
1202512594,1085
1202512627,1056
1202512612,1073
1202512690, 996
1202512621,1066
1202512667,1025
1202512669,1026
1202512663,1036
1202512663,1045
1202512664,1051
1202512651,1072
1202512673,1064
1202512680,1059
1202512678,1065
1202512789, 957
1202512676,1076
1202512669,1089
1202512692,1067
1202512707,1053
1202512705,1055
1202512708,1054
1202512787, 976
1202512731,1037
1202512638,1139
1202512716,1061
1202512724,1056
1202512688,1095
1202512731,1064
1202512735,1061
1202512746,1050
1202512724,1080
1202512746,1059
1202512731,1074
1202512750,1058
1202512762,1054
1202512735,1081
1202512764,1058
1202512709,1117
1202512767,1059
1202512769,1060
1202512756,1076
1202512773,1070
1202512784,1067
1202512780,1079
1202513038, 831
1202512793,1078
1202512809,1063
1202512870,1005
1202512782,1095
1202512808,1076
1202512797,1089
1202512807,1081
1202512935, 954
1202512815,1077
1202512814,1079
1202512893,1005
1202512822,1079
1202512827,1080
1202512824,1085
1202512840,1072
1202512844,1079
1202512850,1078
1202512841,1089
1202512857,1079
1202512860,1077
1202512815,1129
1202512837,1112
1202512862,1087
1202512863,1088
1202512868,1084
1202512830,1126
1202512845,1115
1202512848,1113
1202512862,1101
1202512886,1083
1202512869,1101
1202512889,1083
1202513070, 903
1202512891,1085
1202513115, 862
1202512898,1082
1202512904,1078
1202512914,1073
1202512922,1067
1202513035, 958
1202512888,1104
1202512982,1018
1202512929,1078
1202512936,1073
1202512941,1098
1202512951,1090
1202513071, 977
1202512959,1093
1202512961,1099
1202512963,1103
1202512967,1100
1202512966,1102
1202512980,1099
1202512976,1104
1202512984,1105
1202512948,1142
1202512987,1105
1202512999,1094
1202513288, 806
1202512991,1113
1202512993,1115
1202513102,1011
1202512998,1117
1202513136, 981
1202512984,1138
1202513004,1122
1202513011,1134
1202513028,1128
1202513016,1140
1202513074,1084
1202513047,1121
1202513196, 973
1202513035,1144
1202513037,1144
1202513188, 994
1202513042,1141
1202513054,1134
1202513057,1133
1202513085,1106
1202513069,1123
1202513082,1112
1202513208, 990
1202513091,1114
1202513130,1078
1202513093,1116
1202513117,1101
1202513120,1099
1202513079,1145
1202513123,1105
1202513097,1132
1202513116,1117
1202513128,1108
1202513154,1089
1202513111,1131
1202513163,1088
1202513169,1087
1202513234,1029
1202513342, 923
1202513250,1024
1202513205,1070
1202513260,1016
1202513192,1093
1202513258,1028
1202513263,1026
1202513216,1076
1202513269,1028
1202513289,1022
1202513291,1022
1202513369, 944
1202513271,1052
1202513295,1034
1202513297,1041
1202513310,1029
1202513300,1045
1202513386,1001
1202513339,1062
1202513313,1120
1202513337,1110
1202513327,1123
1202513345,1109
1202513377,1080
1202513333,1127
1202513414,1051
1202513324,1153
1202513347,1136
1202513360,1126
1202513390,1100
1202513356,1133
1202513370,1131
1202513380,1132
1202513406,1114
1202513408,1113
1202513672, 853
1202513399,1129
1202513407,1125
1202513458,1081
1202513512,1026
1202513427,1118
1202513525,1026
1202513432,1121
1202513394,1169
1202513430,1134
1202513462,1106
1202513448,1123
1202513468,1109
1202513507,1071
1202513472,1109
1202513769, 822
1202513529,1065
1202513472,1125
1202513489,1109
1202513507,1099
1202513476,1130
1202513479,1140
1202513483,1137
1202513555,1078
1202513536,1103
1202513531,1116
1202513540,1113
1202513586,1071
1202513494,1170
1202513538,1127
1202513551,1118
1202513553,1118
1202513545,1128
1202513560,1115
1202513536,1141
1202513559,1121
1202513666,1023
1202513669,1022
1202513553,1143
1202513628,1071
1202513614,1093
1202513577,1131
1202513642,1070
1202513584,1134
1202513587,1132
1202513594,1127
1202513666,1058
1202513601,1127
1202513615,1117
1202513619,1116
1202513705,1037
1202513619,1126
1202513657,1097
1202513678,1080
1202513639,1128
1202513644,1125
1202513683,1087
1202513694,1077
1202513650,1126
1202513651,1126
1202513763,1017
1202513690,1095
1202513629,1158
1202514050, 739
1202513691,1104
1202513695,1106
1202513686,1119
1202513777,1029
1202513704,1103
1202513708,1101
1202513710,1100
1202513739,1083
1202513718,1107
1202513708,1123
1202513734,1104
1202513779,1063
1202513745,1098
1202513734,1110
1202513759,1088
1202513759,1097
1202513761,1096
1202513789,1071
1202513820,1045
1202513728,1138
1202513736,1135
1202513822,1050
1202513742,1133
1202513766,1111
1202513906, 973
1202513775,1113
1202513777,1112
1202513771,1123
1202513792,1114
1202513747,1165
1202513812,1101
1202513819,1118
1202513824,1114
1202513824,1117
1202514220, 723
1202513835,1116
1202513810,1144
1202513829,1128
1202513857,1105
1202513884,1081
1202513879,1087
1202513883,1087
1202514064, 912
1202513837,1143
1202513855,1135
1202513845,1150
1202514087, 918
1202513840,1167
1202513852,1159
1202513857,1160
1202513860,1158
1202513916,1110
1202514011,1022
1202513879,1162
1202514259, 783
1202513938,1112
1202513927,1130
1202513924,1137
1202513893,1174
1202514324, 747
1202513899,1182
1202513908,1174
1202513908,1175
1202513913,1173
1202513930,1158
1202514044,1046
1202513969,1125
1202513981,1115
1202513986,1112
1202513946,1155
1202513992,1110
1202513963,1151
1202514228, 889
1202513962,1158
1202514010,1112
1202513968,1156
1202514181, 944
1202513932,1193
1202514123,1005
1202514092,1039
1202513973,1159
1202513981,1156
1202513990,1152
1202513925,1219
1202514152, 999
1202513997,1159
1202514427, 730
1202514028,1133
1202513993,1188
1202514012,1171
1202513996,1192
1202514020,1175
1202514158,1042
1202514051,1152
1202514024,1180
1202514035,1172
1202514036,1171
1202514104,1105
1202514041,1175
1202514053,1164
1202514138,1085
1202514063,1163
1202514525, 702
1202514129,1101
1202514118,1118
1202514233,1005
1202514162,1078
1202514121,1124
1202514128,1120
1202514178,1073
1202514131,1122
1202514142,1114
1202514121,1146
1202514207,1060
1202514150,1125
1202514186,1089
1202514144,1132
1202514160,1119
1202514147,1134
1202514205,1077
1202514163,1125
1202514167,1123
1202514168,1123
1202514181,1113
1202514243,1057
1202514257,1050
1202514178,1136
1202514183,1133
1202514185,1133
1202514239,1081
1202514231,1094
1202514435, 889
1202514260,1069
1202514202,1130
1202514206,1135
1202514293,1060
1202514274,1079
1202514305,1058
1202514298,1068
1202514221,1155
1202514441, 942
1202514364,1023
1202514235,1153
1202514439, 950
1202514296,1094
1202514279,1112
1202514391,1002
1202514432,1083
1202514508,1018
1202514511,1017
1202514523,1009
1202514330,1204
1202514521,1012
1202514458,1078
1202514515,1023
1202514650, 893
1202514486,1064
1202514549,1007
1202514545,1017
1202514487,1076
1202514537,1028
1202514563,1010
1202514506,1070
1202514512,1067
1202514539,1048
1202514557,1042
1202514571,1052
1202514605,1017
1202514606,1022
1202514669, 961
1202514583,1055
1202514623,1017
1202514626,1015
1202514526,1121
1202514599,1050
1202514613,1040
1202514597,1061
1202514682, 976
1202514589,1071
1202514642,1018
1202514676, 987
1202514634,1042
1202514927, 754
1202514655,1028
1202514640,1046
1202514644,1047
1202514749, 946
1202514712, 984
1202514646,1054
1202514654,1049
1202514647,1058
1202514661,1045
1202514666,1042
1202514662,1050
1202514731, 982
1202514698,1019
1202514745, 975
1202514673,1050
1202514675,1056
1202514687,1045
1202514635,1101
1202514691,1047
1202514775, 965
1202514696,1046
1202514753, 991
1202514698,1046
1202514715,1034
1202514765, 986
1202514725,1027
1202514690,1063
1202514704,1054
1202514729,1029
1202514764, 996
1202514702,1059
1202514784, 977
1202514735,1030
1202514734,1034
1202514733,1036
1202514727,1047
1202514806, 969
1202514794, 983
1202514741,1038
1202514751,1033
1202515742,1062
1202515884,1086
1202516240,1055
1202516706,1025
1202516666,1070
1202516703,1067
1202516966, 824
1202516725,1069
1202516729,1068
1202516983, 817
1202516742,1059
1202516731,1072
1202516812, 993
1202516718,1087
1202516737,1071
1202516946, 868
1202516713,1109
1202516678,1145
1202516750,1076
1202516751,1076
1202516760,1069
1202516688,1159
1202516777,1070
1202516807,1048
1202516786,1084
1202516798,1077
1202516739,1138
1202516813,1067
1202516802,1081
1202516810,1080
1202516825,1068
1202516818,1077
1202516824,1076
1202516763,1153
1202516843,1080
1202516744,1181
1202516841,1087
1202516766,1172
1202516856,1088
1202516944,1034
1202517048, 931
1202516883,1101
1202516897,1094
1202516902,1097
1202517006, 994
1202516905,1097
1202516921,1093
1202516922,1094
1202516842,1175
1202516945,1078
1202517012,1015
1202516865,1165
1202516930,1100
1202516932,1099
1202516939,1094
1202516942,1104
1202516962,1085
1202516894,1161
1202517041,1018
1202517205, 856
1202516974,1091
1202517047,1019
1202516900,1167
1202516976,1105
1202516979,1103
1202516981,1103
1202516909,1176
1202516985,1102
1202516990,1098
1202516917,1173
1202516988,1102
1202517031,1062
1202516994,1103
1202516999,1099
1202517013,1085
1202517001,1099
1202517090,1012
1202517008,1098
1202517009,1098
1202517015,1095
1202516922,1189
1202517011,1101
1202517022,1091
1202516928,1193
1202516985,1143
1202517315, 815
1202516931,1203
1202516954,1183
1202517050,1089
1202516970,1170
1202517054,1089
1202517056,1088
1202517057,1088
1202516971,1176
1202516963,1188
1202516967,1185
1202516974,1182
1202517066,1091
1202517068,1089
1202517073,1089
1202517078,1093
1202517082,1094
1202517083,1093
1202517085,1094
1202517085,1098
1202517163,1022
1202517080,1107
1202517097,1099
1202517037,1165
1202517116,1087
1202517043,1161
1202517121,1085
1202517123,1085
1202517187,1024
1202517389, 829
1202517131,1090
1202517135,1094
1202517063,1167
1202517141,1089
1202517149,1088
1202517096,1143
1202517153,1091
1202517159,1090
1202517124,1134
1202517177,1085
1202517152,1112
1202517248,1020
1202517332, 937
1202517181,1089
1202517189,1090
1202517191,1089
1202517450, 836
1202517137,1152
1202517133,1157
1202517258,1034
1202517172,1121
1202517201,1095
1202517203,1094
1202517216,1084
1202517210,1097
1202517222,1089
1202517143,1169
1202517140,1174
1202517166,1149
1202517155,1161
1202517162,1156
1202517225,1103
1202517229,1106
1202517252,1085
1202517175,1166
1202517251,1094
1202517312,1032
1202517258,1090
1202517254,1097
1202517197,1157
1202517278,1077
1202517211,1149
1202517287,1074
1202517289,1075
1202517236,1131
1202517296,1072
1202517517, 856
1202517247,1126
1202517252,1123
1202517553, 822
1202517338,1046
1202517380,1006
1202517464, 927
1202517321,1073
1202517293,1103
1202517299,1111
1202517460, 955
1202517324,1101
1202517318,1107
1202517448, 978
1202517315,1115
1202517319,1113
1202517351,1085
1202517321,1126
1202517334,1114
1202517350,1102
1202517373,1089
1202517332,1133
1202517470, 999
1202517369,1107
1202517469,1009
1202517376,1102
1202517387,1099
1202517384,1104
1202517389,1099
1202517410,1084
1202517482,1012
1202517484,1024
1202517428,1082
1202517402,1110
1202517634, 882
1202517436,1082
1202517364,1158
1202517470,1054
1202517421,1106
1202517471,1058
1202517477,1053
1202517555, 978
1202517609, 925
1202517486,1056
1202517425,1126
1202517497,1056
1202517501,1054
1202517527,1030
1202517512,1050
1202517463,1100
1202517514,1052
1202517441,1126
1202517473,1101
1202517520,1055
1202517523,1054
1202517528,1050
1202517504,1078
1202517649, 934
1202517540,1053
1202517551,1044
1202517543,1055
1202517721, 878
1202517559,1047
1202517562,1052
1202517567,1048
1202517562,1059
1202517691, 934
1202517598,1030
1202517565,1068
1202517577,1056
1202517574,1066
1202517588,1056
1202517653, 993
1202517590,1056
1202517579,1069
1202517605,1046
1202517612,1043
1202517608,1048
1202517617,1041
1202517675, 991
1202517690, 977
1202517619,1049
1202517626,1048
1202517632,1048
1202517638,1045
1202517713, 971
1202517653,1037
1202517630,1060
1202517658,1033
1202517668,1026
1202517666,1030
1202517679,1017
1202517701, 999
1202517685,1016
1202517635,1068
1202517687,1021
1202517674,1037
1202517681,1032
1202517831, 886
1202517684,1034
1202517717,1008
1202517699,1029
1202517703,1030
1202517771, 964
1202517564,1174
1202517733,1006
1202517718,1032
1202517703,1056
1202517679,1081
1202517722,1043
1202517757,1019
1202517744,1033
1202517723,1056
1202517740,1040
1202517751,1031
1202517860,1108
1202517886,1083
1202517887,1084
1202517917,1057
1202517933,1041
1202517926,1051
1202517982, 999
1202517926,1059
1202517920,1066
1202517936,1052
1202517921,1072
1202517946,1049
1202517961,1035
1202517962,1036
1202517964,1037
1202517984,1018
1202517976,1030
1202517968,1039
1202517972,1038
1202517979,1032
1202517947,1069
1202517992,1025
1202517970,1049
1202517951,1069
1202517994,1028
1202517997,1027
1202517964,1062
1202518101, 931
1202518008,1025
1202518034, 999
1202518010,1025
1202518025,1026
1202518028,1025
1202518031,1026
1202518024,1036
1202517967,1095
1202518037,1027
1202517986,1080
1202518050,1025
1202518054,1034
1202518023,1068
1202518062,1034
1202518066,1034
1202518033,1072
1202518071,1036
1202518040,1069
1202518022,1092
1202518077,1038
1202518038,1080
1202518041,1078
1202518085,1036
1202518088,1036
1202518090,1038
1202518092,1038
1202518066,1065
1202518080,1052
1202518115,1018
1202518096,1039
1202518098,1039
1202518071,1072
1202518169, 981
1202518122,1033
1202518107,1055
1202518120,1043
1202518124,1041
1202518129,1040
1202518123,1056
1202518103,1082
1202518111,1076
1202518188,1004
1202518151,1043
1202518150,1046
1202518249, 948
1202518118,1083
1202518130,1071
1202518118,1084
1202518146,1058
1202518128,1079
1202518207,1006
1202518149,1066
1202518166,1061
1202518154,1075
1202518143,1088
1202518321, 913
1202518258, 979
1202518201,1040
1202518236,1012
1202518173,1083
1202518182,1077
1202518244,1016
1202518195,1068
1202518198,1066
1202518200,1065
1202518214,1057
1202518220,1053
1202518217,1058
1202518306, 975
1202518224,1062
1202518229,1059
1202518231,1077
1202518234,1080
1202518242,1073
1202518260,1061
1202518248,1074
1202518234,1090
1202518261,1066
1202518265,1065
1202518239,1091
1202518318,1016
1202518271,1066
1202518341, 998
1202518374, 967
1202518317,1027
1202518421, 930
1202518289,1064
1202518371, 991
1202518385, 984
1202518281,1088
1202518291,1081
1202518311,1069
1202518323,1058
1202518306,1076
1202518320,1066
1202518348,1040
1202518328,1061
1202518319,1077
1202518368,1031
1202518358,1052
1202518379,1032
1202518417, 997
1202518377,1037
1202518472, 945
1202518383,1035
1202518404,1016
1202518481, 941
1202518359,1068
1202518394,1041
1202518309,1126
1202518324,1116
1202518433,1013
1202518340,1114
1202518331,1125
1202518410,1049
1202518376,1087
1202518415,1051
1202518379,1088
1202518354,1112
1202518388,1095
1202518467,1019
1202518411,1078
1202518468,1032
1202518522, 983
1202518445,1066
1202518478,1039
1202518560, 957
1202518478,1040
1202518454,1069
1202518482,1046
1202518462,1069
1202518578, 955
1202518487,1053
1202518489,1053
1202518510,1033
1202518495,1055
1202518514,1040
1202518500,1055
1202518510,1045
1202518512,1045
1202518514,1044
1202518504,1054
1202518595, 969
1202518513,1057
1202518518,1055
1202518429,1145
1202518530,1045
1202518522,1057
1202518552,1047
1202518541,1059
1202518553,1054
1202518625, 991
1202518614,1004
1202518695, 934
1202518617,1013
1202518608,1023
1202518639, 995
1202518578,1061
1202518593,1050
1202518590,1055
1202518675, 977
1202518658, 994
1202518604,1051
1202518607,1054
1202518597,1065
1202518630,1033
1202518646,1019
1202518617,1049
1202518622,1046
1202518669,1000
1202518780, 892
1202518610,1071
1202518633,1050
1202518635,1049
1202518637,1055
1202518628,1066
1202518630,1064
1202518642,1057
1202518643,1057
1202518719, 982
1202518650,1053
1202518661,1042
1202518665,1040
1202518639,1070
1202518645,1068
1202518682,1037
1202518652,1072
1202518749, 974
1202518689,1036
1202518622,1109
1202518771, 964
1202518692,1058
1202518694,1057
1202518631,1121
1202518712,1042
1202518676,1081
1202518833, 932
1202518695,1078
1202518809, 965
1202518691,1085
1202518743,1043
1202518824, 968
1202518724,1071
1202518706,1090
1202518697,1103
1202518875, 930
1202518731,1076
1202518774,1033
1202518727,1084
1202518654,1159
1202518752,1069
1202518704,1119
1202518832, 998
1202518766,1065
1202518800,1036
1202518906, 934
1202518959, 882
